Date,PWSA,ABC,GTI,PAS,PEPC,PPAP,PPSP,CGSM,MJQE
12/17/2025,-0.006269613,0.011049836,0.002836881,0.001561281,0,-0.005665738,0,0.008000043,0
12/16/2025,0.006269613,0.011173301,-0.002836881,0.001563722,-0.010582109,0.001413428,0.028437935,-0.008000043,0
12/15/2025,-0.006269613,-0.024966623,-0.002828856,-0.015528262,0,-0.002824861,-0.004796172,-0.003976148,0
12/12/2025,-0.003120127,0.002743486,0.00851069,-0.006144413,-0.003502631,-0.004222385,0,0,0.005012542
12/11/2025,0,-0.002743486,-0.005681833,0.006144413,0.028370697,0,0,0.011976191,0
12/10/2025,0,0.005494519,0.002836881,0,-0.003590668,-0.001403509,0,0.00402415,-0.005012542
12/9/2025,-0.003110422,-0.002751033,-0.002836881,-0.001539646,0.036500402,0.011283618,0,0,0.005012542
12/8/2025,0.012500163,-0.024424552,0.005681833,0.006172859,-0.011090687,0,0,0,-0.005012542
12/5/2025,0.006309169,0.024424552,0.002853069,0.02191011,-0.00732604,0,0,-0.008032172,0
12/4/2025,0.006349228,0.008275909,-0.005698021,0,-0.014493007,-0.001417435,0,0,0
12/3/2025,-0.003179653,0.002773927,0.002844952,0.009539023,-0.010733556,0.001417435,0.004796172,-0.00796817,0
12/2/2025,0,0.013986242,-0.002844952,0.003200003,0.025226563,0.007117468,0,0,0
12/1/2025,0,0.008486614,0,0.009661911,0.003656311,0,0,0.00796817,0.005012542
11/28/2025,0.006369448,0.002844952,0,0.001619434,-0.007299302,0.018746043,0,0,0
11/27/2025,0.003200003,0,0,0.00162206,-0.003629768,0.002915454,0,0,0
11/26/2025,0.003210276,0.002853069,0,-0.00162206,0.033152207,-0.00437,0,0.004008021,0.005037794
11/25/2025,0,0,0.002844952,0,-0.003738322,0.001454546,-0.004796172,-0.004008021,0
11/24/2025,0,-0.005698021,0.014347448,0.00162206,0.003738322,-0.001454546,-0.004773279,-0.003992021,0
11/21/2025,0,0.002844952,-0.017192401,-0.003241494,0,0,0.004773279,0.003992021,0
11/20/2025,0,0.002853069,0,0,0.026567027,0,0.014458083,0,0
11/19/2025,0.003220615,0,0,0.008123522,0,-0.00290276,0,0.004008021,0
11/18/2025,0,0,0,-0.001629992,0.003853569,0.00873368,0,0.00402415,0.005063302
11/17/2025,-0.003220615,0,0.008559253,0,0.015564517,0.005865119,0,0.00809721,-0.005063302
11/14/2025,0,0,0,0,-0.038466281,0,0,-0.004056801,0
11/13/2025,0,-0.014184635,-0.005714301,0.003262646,0,-0.00732604,0,0,0
11/12/2025,0,-0.011204599,0.005714301,0.003273325,0,0.00732604,0,0.004056801,0
11/11/2025,0.003220615,0.039777971,-0.014224991,0,0.050300738,0,-0.004842624,0,0
11/10/2025,0.006472515,0.014598799,-0.002820876,0.006578971,0,0,0.009708814,0.004073325,0.005063302
11/7/2025,0,0,0.014184635,-0.004938282,0.003976148,0.005899722,0,0,-0.005063302
11/3/2025,0,0.005899722,-0.008534902,0.003289477,0,0,0,-0.004073325,0
10/31/2025,0.003252035,-0.002954212,-0.002828856,0.001648805,0,0.001480385,0,0.008163311,0.005063302
10/30/2025,0,0.002954212,0,0.001651528,0.003992021,0,0.009804,-0.004089985,0
10/28/2025,-0.003252035,0,0.002828856,0,0,0,0,0.004089985,-0.005063302
10/27/2025,0.003252035,0,0.002836881,-0.00658981,0,0,-0.004914015,0,0
10/24/2025,-0.006493529,0,-0.008486614,0.001643386,0,0.00148258,0,0,0.005063302
10/23/2025,0.003241494,0.002962965,0,0.004946424,-0.019802627,-0.002962965,0.004914015,0.004106782,0.00508907
10/22/2025,0.003252035,-0.002962965,0,-0.001651528,-0.01169604,0.001480385,-0.004914015,-0.008196767,-0.00508907
10/21/2025,0,0,0.002820876,-0.001648805,0.015625318,-0.001480385,0.004914015,0,0
10/20/2025,-0.003252035,-0.002954212,-0.002820876,0,0,0.001480385,-0.009804,0.004089985,-0.005063302
10/17/2025,0,0,-0.002812941,0.004954593,-0.042395559,0,0,0.004106782,0
10/16/2025,0.003252035,0,0,-0.004954593,0.038466281,-0.001480385,0,-0.004106782,0
10/14/2025,-0.003252035,0.002954212,-0.002805051,0,0,0.001480385,0,0,0
10/13/2025,-0.003241494,-0.017595762,0.008438869,0.004954593,0,-0.001480385,0,0,0
10/10/2025,0.006493529,0.00583092,0,-0.00165426,0,-0.002954212,-0.00486619,0,0
10/9/2025,-0.003252035,0.00881063,-0.002820876,0,0,-0.00294551,0.00486619,0.004106782,0
10/8/2025,0.003252035,0.002954212,0,0,0,0,0,0,0
10/7/2025,-0.003252035,-0.002954212,0.008486614,-0.001651528,-0.003913899,0,-0.00486619,0.004123717,0
10/6/2025,0,0,-0.002836881,-0.004938282,0.007843177,0,0.00486619,0,0
10/3/2025,0,0.002954212,0.02292364,0.004938282,-0.023347364,0,-0.00486619,0,-0.005037794
10/2/2025,0,-0.002954212,-0.028573372,-0.006578971,0.003853569,0,0,0,0
10/1/2025,0,0,0,0.003284075,-0.007692346,0.001471671,0,-0.004123717,0.005037794
9/30/2025,0.003252035,0,-0.002812941,-0.001643386,0.007692346,-0.001471671,0,-0.004106782,0.005063302
9/29/2025,-0.003252035,0,0.002812941,0.001643386,-0.019121041,0.00294551,0.00486619,0,-0.005063302
9/26/2025,-0.006472515,0,-0.005617992,-0.003284075,-0.015037877,-0.00294551,-0.009708814,0,-0.005037794
9/25/2025,0,-0.00294551,0.008438869,0.001640689,0.007490672,0.001471671,0,0.004106782,0
9/19/2025,0,0.00294551,0.002828856,0.009901071,0.007547206,-0.001471671,0.004842624,0,0
9/18/2025,0,-0.00294551,0,0,0,0,0,0,0
9/17/2025,0,0.00294551,-0.002828856,0,0,0,0,0,0.005037794
9/16/2025,0,0,0.002828856,-0.003311261,0,0,0,0,-0.005037794
9/15/2025,0,-0.00294551,0.005681833,0,0,0,0,-0.004106782,0
9/12/2025,-0.003220615,0.005899722,0.002853069,0,0.007604599,0,-0.004842624,0,0.005037794
9/11/2025,0,0.002962965,-0.002853069,0,0.015384919,0,0,0,0
9/10/2025,0,-0.002962965,0.002853069,0.008298803,0.01169604,0.007380107,0,0.004106782,-0.005037794
9/9/2025,0,0,-0.008534902,-0.008298803,0.003929278,-0.007380107,0,0,0
9/8/2025,0.003220615,0.002962965,-0.002828856,0.006633523,0.003944778,0.00294551,0.004842624,0.004123717,0
9/5/2025,-0.003220615,-0.005917177,-0.005633818,0.001665279,-0.015686596,0,0.00486619,0,0.005037794
9/4/2025,-0.003210276,0,0,-0.008298803,-0.0038835,-0.00294551,0,-0.004123717,-0.005037794
9/3/2025,0,0,0,0,-0.007722046,0.001471671,0,-0.008196767,-0.005012542
9/2/2025,0,0,-0.005602256,-0.003300333,0,-0.001471671,0,-0.004073325,0.005012542
9/1/2025,0,0,0,0.011599136,0,-0.00293686,0,0,0
8/29/2025,0.003210276,0.002954212,0.005602256,0,-0.003838776,-0.001465202,0,0,0
8/28/2025,-0.003210276,0,-0.002805051,0.001668057,0.011560822,-0.001463058,0,0,0
8/27/2025,0,-0.002954212,-0.002797205,0.005020931,0.027506646,-0.001460921,0,0,0
8/26/2025,-0.003200003,0,-0.002789402,-0.003350087,-0.054276887,0.00732604,-0.00486619,0.004073325,0
8/25/2025,0.006410278,-0.00294551,0.014025475,-0.006666691,-0.007518832,-0.00732604,0.00486619,0.004089985,-0.005012542
8/22/2025,0,0,0.002828856,0,0.026567027,0.014706147,0,0,0
8/21/2025,-0.003210276,-0.005865119,0.008534902,0,-0.007662873,-0.007380107,0,0,0
8/20/2025,0,0,0,0.001662511,-0.018904155,0.001471671,-0.009708814,0,0.005012542
8/19/2025,0.003210276,-0.00291971,0.002861232,-0.008285052,0.022728251,0.00147384,0,0.004106782,0
8/18/2025,0,0.00291971,0.002869442,0.004962789,0.03509132,-0.00294551,0,0,-0.005012542
8/15/2025,0,0,-0.011428696,0.001659751,-0.065282292,0.005899722,0,-0.004106782,0
8/14/2025,0.006451635,0,0,0,-0.003710579,0,-0.004819286,-0.004089985,0
8/13/2025,-0.003231021,-0.00291971,-0.005665738,0,0.037740328,-0.005899722,-0.004796172,0.004089985,0.005012542
8/12/2025,0,0.00291971,0.025752496,0.001662511,0,0.005899722,-0.004773279,0,0
8/11/2025,0.003231021,-0.00291971,0.020498522,0,-0.003838776,0,0.004773279,0,0.005037794
8/8/2025,0.003241494,0.00291971,0,0.001665279,-0.018975901,0,-0.004773279,0,-0.005037794
8/7/2025,-0.003241494,0,0,-0.001665279,0,0,0.004773279,0,0.005037794
8/6/2025,0.003241494,0,0,0,-0.007490672,-0.002954212,-0.004773279,0,0
8/5/2025,-0.003241494,0,-0.002954212,-0.011579947,0.022642477,-0.00294551,0,0,0
8/4/2025,-0.003231021,-0.00873368,0,0.004946424,-0.018904155,-0.005865119,0,0.004106782,0
8/1/2025,0.003231021,0,0.026907453,0,-0.011173301,0.011764842,-0.009478744,-0.004106782,-0.005037794
7/31/2025,-0.003231021,0.00581397,0.021440331,0.00165426,0,0,0,0.004106782,0
7/30/2025,0,-0.00291121,0.009331327,0,0.007434978,0,-0.004705891,0,0
7/29/2025,0.006472515,0,0,0,0.011257155,-0.001478197,0.014184635,0,0
7/28/2025,0,0,0.034979719,0.009983444,0.011385322,-0.021914683,-0.004750603,0,0.005037794
7/25/2025,-0.006472515,0,0.016313575,-0.001670844,-0.033774317,0.021914683,0,-0.004106782,-0.005037794
7/24/2025,0,-0.005797118,0.013245227,-0.00996686,0.022388995,0.002958582,-0.004728141,0,-0.005012542
7/23/2025,0,0.002894358,-0.013245227,-0.004946424,0.011385322,0,0,0.004106782,0.005012542
7/22/2025,0,0.00290276,-0.003284075,0.006600684,-0.015151805,0.010424517,0,-0.004106782,-0.005012542
7/21/2025,0,-0.005797118,0.003284075,0.006644543,0.007547206,0.001498128,0,0,0.005012542
7/18/2025,0,0.002894358,0,0,-0.003780723,0,0,0,-0.005012542
7/17/2025,0,0.00290276,-0.003284075,0,-0.011257155,0.001500375,0.009478744,0.004106782,0
7/16/2025,0,-0.00290276,0,0,0.041910896,-0.002998503,-0.004750603,0,0.005012542
7/15/2025,-0.003220615,0,0.006578971,0,0.00389864,0,-0.004728141,0,0
7/14/2025,0,0,-0.006578971,0,-0.026976588,-0.001495887,0.004728141,0,0
7/11/2025,-0.050167259,0,0,0,-0.003795071,0.001495887,0.004750603,-0.004106782,-0.005012542
7/10/2025,0,0.00581397,0.006578971,0,-0.003780723,-0.001495887,0,0.008230499,0.005012542
7/9/2025,-0.003053437,-0.00581397,-0.003294896,-0.001665279,-0.007518832,-0.008928631,0,0,-0.005012542
7/8/2025,0.003053437,-0.002894358,0.036855092,0.005004181,-0.003738322,-0.004434597,-0.004750603,-0.004123717,0
7/7/2025,-0.003053437,0.002894358,-0.066030582,0.003350087,0,0,0,0,0
7/4/2025,-0.003044142,0,-0.046810418,0.003361348,0.022642477,0,0,0,-0.004987542
7/3/2025,0,-0.002894358,-0.003044142,0,-0.022642477,-0.00147384,-0.004728141,0.004123717,0.010000083
7/2/2025,0,-0.002886005,-0.003034904,-0.036367644,-0.003724399,-0.002941179,0.009478744,-0.008230499,-0.010000083
7/1/2025,0.015314235,0.002886005,0.015267472,-0.003241494,0.022557347,0.002941179,-0.004750603,0.004106782,0
6/30/2025,0.003091193,-0.005763705,-0.062613593,0.003241494,-0.011342277,0,0.004750603,0,-0.009901071
6/27/2025,0,0.0028777,-0.104203778,0.003252035,0.011342277,-0.001471671,-0.004750603,0.004123717,0.004938282
6/26/2025,0.0062112,0.002886005,0.064538521,0,0.003809528,-0.001469508,0,-0.004123717,0
6/25/2025,-0.009302393,0.002894358,-0.105360516,-0.003252035,-0.018904155,-0.001467352,0,0,0
6/24/2025,0,-0.002894358,-0.036813973,0.001624696,0.007518832,0.001467352,0,0,0
6/23/2025,-0.003081667,-0.002886005,-0.030844675,-0.006483005,-0.018692133,-0.004395611,-0.004728141,0.004123717,-0.004938282
6/20/2025,0,0.002886005,-0.009302393,0,-0.007380107,0.005865119,0,-0.004123717,0.004938282
6/19/2025,0.003081667,0,-0.00231214,0.01137299,0.003683245,0.013323661,-0.004705891,0.004123717,-0.004938282
6/17/2025,0.00619197,0.002894358,-0.004608303,0.001635323,0.007407441,0.001491425,0.004705891,0,0.004938282
6/16/2025,0.003110422,-0.002894358,0.047067511,0.003278691,-0.007407441,0,-0.004705891,-0.004123717,0
6/13/2025,0.012539349,0.002894358,0.036813973,0.00824407,0.007407441,0.001493652,0.004705891,0,0
6/12/2025,0.00315956,0,-0.007472015,-0.00165426,0.022557347,0.002994014,-0.004705891,0,0
6/11/2025,0,0,-0.004950505,-0.008230499,-0.015094626,-0.002994014,0.004705891,0.004123717,0
6/10/2025,0,0,0.01492565,0,0,-0.002985077,0.014252023,0,0
6/9/2025,0,0,0.005025136,-0.001638002,-0.003738322,0.001491425,-0.014252023,0.004140793,0
6/6/2025,0,-0.002894358,0.005050516,0.008216973,-0.014815086,0,0,-0.004140793,-0.004938282
6/5/2025,0,0.002894358,-0.010075652,0,0.014815086,0,0,0.004140793,0
6/4/2025,0,0,0.002509412,0.009950331,-0.01113184,0,0,-0.016461277,0.004938282
6/3/2025,0,0,0.025446666,0.001668057,-0.003683245,-0.001491425,-0.004705891,0.004089985,-0.004938282
6/2/2025,0,-0.002894358,-0.032956088,0,-0.003669729,0.001491425,0.004705891,0.004106782,0.004938282
5/30/2025,0,0.005797118,0.00500001,0.005020931,-0.003656311,0,0,0.00826451,0
5/29/2025,0.003169575,0,-0.01492565,-0.005020931,0,-0.017751945,-0.004705891,0,0
5/28/2025,-0.003169575,-0.00290276,-0.012270093,0.005020931,0,0.019245598,-0.009345862,0,0
5/27/2025,0.003169575,0,0,0.001679262,0.025879448,-0.001493652,0,0,-0.004938282
5/26/2025,-0.003169575,0,0.019705071,0,-0.025879448,0,-0.00464038,0,0.004938282
5/23/2025,0,-0.002894358,-0.002484473,0.010135222,0.014706147,-0.014815086,0.00464038,-0.004140793,0
5/22/2025,0,0,-0.004950505,-0.001696353,-0.018349139,-0.023256862,0.009345862,0,0.004962789
5/21/2025,0,-0.005763705,0.00992564,0,-0.014440684,0,0.004705891,0.004140793,-0.004962789
5/20/2025,0,0.008658063,0.027814688,-0.005071862,0.070530151,-0.00143575,0,0,0
5/19/2025,0,-0.002894358,0.052643733,-0.005046268,-0.070530151,-0.005722476,0.004728141,-0.004140793,0
5/16/2025,0.003169575,0.002894358,0.047034949,-0.006688988,-0.003577821,-0.00710735,-0.004728141,0.004140793,-0.004938282
5/13/2025,0,0,-0.011267725,0.001668057,-0.003565066,-0.005649733,0,-0.004140793,-0.004914015
5/12/2025,0,-0.002894358,0.005617992,0,0.081526608,0,0.004728141,0.004140793,0
5/9/2025,0,0.002894358,0.002820876,0.003344485,-0.048974005,0.004234304,-0.004728141,0,-0.052518034
5/8/2025,0.006369448,0.00581397,-0.005633818,0.001676446,0.060624622,-0.001413428,0,0,-0.00464038
5/7/2025,-0.006369448,-0.00581397,-0.002805051,-0.003350087,-0.053244515,-0.001411433,0.009478744,0.00415801,-0.009216655
5/6/2025,-0.003169575,-0.028573372,0,-0.001670844,-0.029199155,-0.001409444,0,-0.00415801,0.004597709
5/5/2025,0.003169575,-0.008415197,0.008438869,0.003344485,0.086357569,0.007067167,-0.004750603,0,0.004618946
5/2/2025,-0.003169575,0.005602256,-0.002820876,-0.001673641,-0.027080959,0.001419447,0,-0.004140793,-0.013793322
4/30/2025,0,0.002812941,0.02279301,0.005029348,-0.030077455,-0.00425231,-0.004728141,0.004140793,0.027779564
4/29/2025,0,0,-0.019972133,-0.003355708,-0.036367644,0.009950331,-0.004705891,0.00415801,0
4/28/2025,-0.00315956,-0.002812941,-0.002820876,0,0.074107972,-0.008534902,0,0,-0.004683849
4/25/2025,0.00315956,0.008462674,-0.005617992,0.006722714,0.007722046,0,0,0,0.00938974
4/24/2025,-0.00315956,0,0,-0.003367007,-0.003868477,0,0.004705891,-0.008298803,0
4/23/2025,0.006329135,0.002836881,0.093910599,0.005054771,-0.003853569,0.001417435,0.009478744,0.004140793,0.004728141
4/22/2025,0.003179653,0,0.003081667,-0.001687764,-0.011472401,0,-0.014184635,-0.00826451,0
4/21/2025,0.003189795,0.002844952,-0.003081667,-0.00168492,0.023077947,0.007117468,0,0.004123717,-0.004728141
4/18/2025,-0.003189795,-0.002844952,0,-0.001682086,-0.023077947,0.007168489,-0.009345862,0,0
4/17/2025,-0.003179653,-0.002836881,0.0217738,0.003367007,-0.007575794,-0.007168489,0,0.004140793,-0.004705891
4/11/2025,0.003179653,0.002836881,0.012658397,0,0.030653741,-0.002853069,-0.009259325,-0.004140793,0.009434032
4/10/2025,0.003189795,0.008559253,0,0,0,0.002853069,0.009259325,0,0
4/9/2025,-0.006369448,-0.008559253,-0.015798117,0.001687764,-0.0038835,-0.001427552,-0.009259325,0.008298803,0.004750603
4/8/2025,0.003179653,0,-0.009360443,0.017036187,0.00778214,0.001427552,0.013921339,0.004175371,-0.004750603
4/7/2025,-0.003179653,0.005698021,0.00623055,-0.013652089,-0.015504187,0,-0.004662013,-0.012474174,0.004750603
4/4/2025,0.003179653,-0.005698021,-0.01242252,-0.003384098,-0.019048195,-0.008534902,-0.00464038,0,0
4/3/2025,-0.009508788,-0.008486614,-0.003081667,0.003384098,-0.011257155,0.002836881,-0.009216655,0,-0.004750603
4/2/2025,-0.003149609,0.011331566,0.003081667,0.001696353,0.022642477,0,0.009216655,0,0.004750603
4/1/2025,-0.006269613,-0.016949558,-0.003081667,-0.003389834,0,0,-0.018349139,-0.004123717,-0.004750603
3/31/2025,-0.003120127,-0.022161572,0.003081667,-0.00842465,-0.007604599,-0.001419447,-0.004535155,0,0
3/28/2025,0.003120127,0,0.021841742,-0.001676446,0,-0.001417435,0,-0.004106782,0
3/27/2025,0.003129893,0,0.028801991,0.001676446,0,0,0,0.004106782,0
3/26/2025,0,0,0.019672766,0,0.015267472,0,-0.00451468,0,0.004750603
3/25/2025,-0.003129893,0.002743486,0.006644543,0,0.007722046,0.001417435,0.00451468,0,-0.004750603
3/24/2025,0.003129893,-0.005479466,0.003338901,0,0,0,0.009090972,0,-0.004728141
3/21/2025,0.00313972,0,-0.009983444,0.001679262,0,0.001419447,-0.009090972,0,0
3/20/2025,0,0,0.006644543,-0.001679262,0.0038835,0,0.004535155,-0.004106782,0
3/19/2025,0,0.00273598,-0.00332779,0.001679262,0.00389864,0.001421464,0,0,0
3/18/2025,0.003149609,-0.00273598,0,0,0.007843177,-0.001421464,0.009132484,0,0
3/17/2025,0,0.00273598,-0.003316753,0.003367007,0.003944778,0.002844952,-0.004576667,0.004106782,0
3/14/2025,0,-0.00273598,-0.003305788,-0.003367007,0.003960401,0.004282662,0.004576667,-0.004106782,0
3/13/2025,0,0.00273598,0,0,-0.027398974,-0.002857145,0.004597709,0.004106782,0.004728141
3/12/2025,0.00315956,-0.005464494,0.006622541,0.008438869,-0.007692346,-0.002849005,-0.004597709,-0.004106782,0
3/11/2025,-0.00315956,0.002728515,0,0,0,-0.001421464,0.009216655,0,-0.004728141
3/10/2025,-0.003149609,0,-0.013201512,0,-0.003824096,-0.00707717,-0.009216655,0,0
3/7/2025,0,0,0.003284075,-0.008438869,-0.007604599,0,0.004597709,0.004106782,0
3/6/2025,0.009478744,-0.002728515,-0.003284075,0.001682086,0.070617567,-0.001409444,0,-0.004106782,0.004728141
3/5/2025,0,0.002728515,0.006578971,0,-0.012121361,-0.013986242,0.004618946,0,0
3/4/2025,0,0.005479466,0,0.003372684,0.02851517,0.001389854,0.00464038,0,0
3/3/2025,0.003179653,-0.00820798,0.003305788,0,-0.004123717,-0.023368761,0,0,0
2/28/2025,-0.003179653,-0.008141158,0.003316753,0,-0.028399475,0,-0.00464038,0,0
2/27/2025,0.006369448,0.008141158,0,0,-0.003992021,-0.005420067,0,0,0
2/26/2025,-0.003189795,0.01648389,-0.013201512,0,0.012024193,-0.005390849,-0.004618946,0.004106782,0.004750603
2/25/2025,-0.003179653,-0.005524876,0.003284075,0.003384098,0,0.034179677,0.004618946,0,-0.004750603
2/24/2025,0.009569451,0.008298803,0,0.013652089,0.00809721,0.001391789,0,0,0.009523882
2/21/2025,-0.003200003,0,-0.003284075,-0.0051414,0.012270093,0.004187026,0,0,0
2/20/2025,-0.003189795,0.002781643,-0.003273325,-0.01020417,-0.012270093,0.015504187,-0.004618946,0,-0.009523882
2/19/2025,0,-0.002781643,-0.003262646,0.001693481,0,0.004270469,0.004618946,0,0
2/18/2025,0,-0.002773927,0.006535971,-0.001693481,-0.032002731,0,0.00464038,0,0
2/17/2025,0,0.002773927,0,0,0.036076056,-0.002849005,-0.009259325,0,0.009523882
2/14/2025,0.003189795,0,0.016529302,-0.001690617,0.020619287,-0.005673774,0.004618946,0,0.004796172
2/13/2025,0,0,0,0,0,0.001415428,0,0.004123717,-0.004796172
2/12/2025,0,0,0.072570693,0,-0.01242252,0.004258346,0,-0.008230499,0
2/11/2025,-0.003189795,-0.002773927,0.010810916,-0.003372684,0.004123717,-0.015526071,0.00464038,0,0.004796172
2/10/2025,0.003189795,0.00555557,-0.00361664,0.003372684,0,0.014104606,-0.00464038,0.004106782,-0.004796172
2/7/2025,0,0.002789402,0.014545711,0,-0.004123717,0.012866511,0.009302393,-0.004106782,0.004796172
2/6/2025,0,-0.005571045,0.022223137,0,-0.004106782,0,-0.004662013,0,0
2/5/2025,0.003200003,-0.002773927,-0.003738322,-0.003372684,0,0.005772022,0,0.008230499,0
2/4/2025,-0.006389798,-0.005524876,0.011257155,0.00168492,0.029108084,-0.008645587,0,-0.008230499,0
2/3/2025,-0.003179653,-0.005494519,-0.007518832,-0.003367007,0.004228336,0,-0.00464038,0,0
1/31/2025,-0.003169575,0.002743486,-0.003738322,0.005054771,0.004246291,0.002873565,0,-0.004089985,0
1/30/2025,0.003169575,0,0.003738322,0.003384098,0.004264399,0.002881846,0.009302393,0.004089985,0
1/29/2025,-0.003169575,0,-0.003738322,0.001696353,-0.016949558,-0.002881846,-0.004662013,0,0
1/28/2025,0,0.002751033,0,0.001699236,0,0,-0.00464038,0,0
1/27/2025,0,-0.005494519,0.007490672,0.001702128,-0.004192878,-0.001437815,0.009302393,0,0
1/24/2025,0.003169575,-0.00273598,0,0,0.004192878,-0.005730675,0,0,0
1/23/2025,0,0.00273598,0,0.005123837,0,0.007168489,0.004683849,0.004106782,0
1/22/2025,-0.003169575,-0.005464494,0.003766483,0,0.01268516,-0.004307257,-0.004683849,-0.004106782,0
1/21/2025,0,0.002728515,-0.011257155,0.003430535,0.008547061,0.002869442,0,0,0
1/20/2025,-0.00315956,0.005479466,0.030305349,-0.001716739,0,0.015930822,0.004683849,0.004106782,0
1/17/2025,0.00315956,0.005509656,0.031252544,0.001716739,-0.004282662,0.014706147,-0.004683849,0,0
1/16/2025,0,0.00554018,0,0,-0.04184711,-0.011782169,0,-0.004106782,0.004819286
1/15/2025,0,0.011173301,0,0.001719691,0.050430854,-0.001463058,0.004683849,0.004106782,0
1/14/2025,0.009539023,0,0,-0.005150226,0,0.00292826,-0.004683849,0.004123717,0
1/13/2025,-0.006369448,-0.005602256,0,0.003430535,-0.012848142,0.00293686,-0.013921339,0,0.004842624
1/10/2025,0,-0.013869848,0,-0.0051414,0,0,0,0,-0.004842624
1/9/2025,0,-0.005494519,0,-0.00851069,-0.004246291,-0.014598799,0,0,-0.004819286
1/8/2025,0,-0.013605652,0,0.003395589,-0.016807118,0,0,0,0
1/6/2025,-0.006329135,-0.002699057,-0.00790518,-0.001699236,-0.008298803,-0.004338402,0.004618946,0,0.004819286
1/3/2025,0,0.010840215,0,0.003401364,0,0.004338402,0,0,-0.004819286
1/2/2025,-0.003149609,-0.026883339,0,0.015450951,0.012474174,-0.002894358,-0.004618946,-0.004123717,0
12/31/2024,-0.00313972,0.00798939,0.011881328,0,-0.016597891,0,0.009259325,0.004123717,0.014528101
12/30/2024,0.018987912,0.032611586,-0.00793655,0.012184659,0.01242252,0.018964828,-0.013857035,-0.004123717,0
12/27/2024,0.003200003,0.022347299,0.003960401,0.005267791,-0.008298803,-0.001471671,0,-0.004106782,0
12/26/2024,0.003210276,0.014224991,0.003976148,0,-0.01639381,0.014815086,0,0.004106782,0
12/25/2024,0.003220615,0.011527505,0,0,-0.004056801,0,0,0,0
12/24/2024,-0.00643089,-0.002894358,-0.003976148,0.001762115,0.016326893,-0.002980628,0.009216655,0.004123717,0
12/23/2024,0.012903405,0,-0.003960401,0.003533573,-0.004106782,0.002980628,-0.004618946,0.004140793,0
12/20/2024,-0.006472515,0,-0.007874056,0.003546103,0,0,0,0,0
12/19/2024,-0.003220615,0.002894358,0,0.003558723,-0.004089985,0.001493652,0.004618946,-0.00826451,0
12/18/2024,0.006451635,-0.002894358,-0.003913899,-0.005333346,-0.008130126,0,0,0,0
12/17/2024,0,0,0,-0.00177148,0.032924785,-0.00596127,-0.009216655,0.004123717,0.004889985
12/16/2024,0,0,0.003913899,0.005323881,0.012631747,0.011958289,-0.004576667,-0.008230499,-0.004889985
12/13/2024,0,0.002894358,0,0.003565066,0.00851069,-0.007490672,0,0,0
12/12/2024,0.003241494,0,-0.015564517,-0.01242252,-0.00851069,0,-0.004555817,0,0
12/11/2024,-0.003241494,0,-0.007692346,0.001765226,-0.025105921,-0.002980628,0,0.008230499,0
12/10/2024,0,0,0.007692346,0,0,0,-0.004535155,-0.008230499,0
12/9/2024,0.003241494,-0.002894358,0,-0.001765226,-0.004123717,-0.00297177,0,0,0
12/6/2024,-0.003241494,0.005797118,0.003868477,0.003533573,0.004123717,0.008941937,0.004535155,0.004106782,0.009804
12/5/2024,0.003241494,0,0.01169604,-0.003533573,0,-0.002989539,-0.035718083,-0.004106782,0
12/4/2024,0,-0.005797118,-0.019418086,-0.001762115,0,-0.002980628,-0.017391743,0,-0.004914015
12/3/2024,-0.009693129,0,-0.007662873,0.005295688,0.008298803,-0.008888947,-0.004301082,0.004106782,-0.004889985
12/2/2024,0.003220615,0,0.023167059,-0.003533573,-0.00415801,0.001476015,0.004301082,0,0
11/29/2024,-0.016000341,0,-0.023167059,-0.001762115,0.00415801,0.001478197,0.017391743,-0.004106782,0
11/28/2024,0,0,-0.003809528,0.007067167,-0.00415801,0.004447746,-0.004376375,0,0
11/27/2024,0.003179653,0,0.019194447,-0.00177148,0.00415801,-0.002967361,0.004376375,0.008230499,0.004889985
11/26/2024,0,-0.005763705,-0.019194447,-0.00881063,-0.00415801,0.00445435,0,-0.008230499,0
11/25/2024,-0.006349228,-0.002869442,-0.003795071,-0.001752849,0,-0.011834458,0.004395611,0,0
11/22/2024,0,0.002869442,-0.007547206,0.001752849,0.016736792,0.007380107,0.004415018,0.004106782,0
11/21/2024,0.006349228,-0.002869442,0,0.003514942,-0.020877585,0,0,-0.004106782,-0.004889985
11/20/2024,-0.003179653,0,0.042232764,0.001762115,0,0,0,0.004106782,0
11/19/2024,-0.009478744,-0.002861232,0.031875209,0,0,0.00148258,0.004434597,-0.004106782,0
11/18/2024,-0.018692133,-0.005698021,-0.00404041,0.007079676,0.020877585,0.008941937,0.008928631,-0.004089985,0
11/13/2024,0.028170877,0.005698021,0.00809721,0,0,0,0.00449439,0.004089985,0.004889985
11/12/2024,0.006369448,0.002861232,0.024692613,0.001777778,0,0.012048339,0.00451468,0.004106782,0
11/11/2024,0,0,0.087011377,-0.003552402,-0.020877585,-0.001514005,-0.01348335,-0.004106782,0
11/8/2024,-0.006369448,-0.019858809,0.009132484,0.001774623,0,0,0,0.004106782,0
11/7/2024,0.016000341,0.014144507,0.013857035,-0.003546103,0,-0.013523873,0.00896867,0,0
11/6/2024,0.003231021,0.005714301,-0.00464038,-0.001768347,0,0.007490672,0,0,0
11/5/2024,-0.003231021,-0.002861232,0.023420274,0,0,-0.019360247,0.00451468,0.004123717,0
11/4/2024,0.003231021,-0.014184635,0.004750603,0.001768347,0.016667052,0.008888947,0,-0.01639381,0
11/1/2024,0,-0.011204599,-0.018868484,0.00177148,0.004210533,0.005970167,-0.00451468,0.004073325,0.004914015
10/31/2024,0,-0.002781643,0.004683849,-0.008826183,-0.016736792,0.013564639,0,0.004089985,-0.009804
10/30/2024,-0.003231021,-0.002773927,-0.004683849,0.008826183,-0.004140793,-0.001516301,-0.00449439,0.004106782,0.004889985
10/28/2024,0,-0.008275909,-0.004662013,-0.00177148,-0.004123717,-0.006042314,0,0.004123717,0.009852296
10/25/2024,-0.003220615,-0.002743486,0,0,0.004123717,-0.001504891,0.00900907,-0.004123717,-0.009852296
10/24/2024,0.006451635,0,0.018779895,-0.00881063,-0.004123717,0,0.004535155,-0.004106782,-0.004889985
10/23/2024,-0.003231021,0,0.009523882,-0.001752849,-0.004106782,0,-0.009049836,0.008230499,0.004889985
10/22/2024,-0.009630893,-0.005464494,-0.004773279,0.001752849,0,-0.005997019,0,-0.008230499,-0.004889985
10/21/2024,0,0.005464494,0,0.00881063,0,0.005997019,0,-0.004089985,0.004889985
10/18/2024,-0.006369448,-0.00273598,0.009569451,-0.010563479,0,0,0,0,-0.004889985
10/17/2024,0.003179653,-0.008163311,0,0.003508776,0,-0.00150263,0.009049836,0.004089985,0
10/16/2024,-0.003179653,-0.00809721,0.009661911,-0.008748962,0.016529302,-0.001500375,-0.004535155,0.008230499,0
10/14/2024,-0.012618464,-0.005361943,-0.004842624,0.00174368,-0.016529302,-0.001498128,-0.00451468,-0.008230499,0
10/11/2024,-0.003129893,0,0.014598799,-0.00174368,0.004106782,0,0,-0.004089985,0
10/10/2024,-0.00623055,0,0,0,0,0.004501133,-0.00449439,0.004089985,0
10/9/2024,0,0,0.014815086,0.003490405,-0.012270093,-0.007490672,0,0,0
10/8/2024,0.00623055,0,-0.004962789,0.005258557,0.004073325,-0.001491425,0,0.004106782,0.004889985
10/7/2024,-0.009331327,0,-0.004938282,-0.03454575,0,-0.001489204,0,-0.008196767,0
10/4/2024,-0.006172859,0,0,-0.008453136,0,0.018018506,0.00900907,0.008196767,0
9/30/2024,-0.006134989,0,0.004938282,0.0118545,0,-0.026907453,-0.00451468,0,0
9/27/2024,0,0,0,-0.008481815,-0.004073325,0,0,0,0
9/26/2024,0,0,0.004962789,-0.003372684,0.004073325,0,0,0,0
9/25/2024,-0.009132484,0,-0.014815086,0.00168492,0.008196767,-0.00147384,0,0.004123717,0
9/23/2024,-0.009049836,0,0.063232185,-0.003367007,-0.012270093,-0.002941179,-0.00896867,0,0
9/20/2024,-0.005988042,-0.002670229,-0.002607563,-0.001679262,0.012270093,-0.007315322,0,0,0
9/19/2024,0.002989539,0,0.002607563,0.001679262,0.004123717,-0.001456664,0,0,0
9/18/2024,-0.002989539,0,0,0.008438869,0,0.004376375,0.00896867,0,0
9/17/2024,-0.002980628,0,0.007863736,-0.006756782,-0.02045061,0.001463058,0,0,0
9/16/2024,0.00896867,0,-0.005249356,0.00168492,0.024591403,-0.017416986,0,-0.004123717,0
9/13/2024,-0.002998503,0,0.002621233,0.001687764,-0.032655963,0.023290718,0,0,0
9/12/2024,0,0,0.00526317,0.001690617,0.00402415,0.010362787,-0.00449439,0,0
9/11/2024,-0.008941937,0.002670229,-0.002635048,0.001693481,-0.00402415,0.002980628,0.00900907,0.004123717,0
9/10/2024,-0.002962965,-0.002670229,-0.002628122,0,-0.004008021,-0.014815086,-0.00451468,0,0
9/9/2024,-0.002954212,0,-0.005235614,-0.005071862,0,0,0,-0.004123717,0
9/6/2024,-0.00294551,0,0,0,0.004008021,0.004421525,-0.00896867,0.004123717,0
9/5/2024,-0.00293686,0,0.002614381,0.001687764,-0.004008021,0.002958582,0,-0.004123717,-0.004889985
9/4/2024,0,0,0.005249356,0.001690617,0,0.010424517,0.01348335,0.004123717,0
9/3/2024,-0.00292826,0.002670229,0.056848864,-0.001690617,0.024292693,-0.007457156,0,0.004140793,0.004889985
9/2/2024,-0.00291971,0,-0.002781643,-0.005054771,-0.004089985,-0.010347469,-0.00900907,-0.004140793,0
8/30/2024,0.00584797,0,0,-0.001679262,0,0.014815086,0,0,0
8/29/2024,-0.00292826,0,0.002781643,0,0.004089985,0,0.00900907,0,0
8/28/2024,0.005865119,0,-0.00555557,0,0,-0.005952399,-0.01348335,0.004140793,0
8/27/2024,-0.005865119,-0.002670229,0,-0.003350087,-0.004089985,0.008941937,-0.00445435,0.00415801,-0.004889985
8/26/2024,-0.00583092,0,0.002773927,-0.001670844,0,-0.022206686,0.00445435,-0.01242252,0
8/23/2024,0.00583092,0.002670229,0,-0.001668057,0.004089985,-0.024585475,-0.008888947,0,0
8/22/2024,0,0,-0.002773927,0.00836825,0.016529302,-0.008534902,0,0,0.009804
8/21/2024,0.00292826,0,-0.002766253,0.005054771,-0.008298803,-0.012667305,0,0,-0.004914015
8/20/2024,0,0.002677378,-0.008253142,0.003384098,-0.008230499,-0.015267472,0,0.004123717,0
8/19/2024,-0.023189445,-0.005347606,0.002743486,-0.015139061,0.008230499,-0.004123717,-0.00881063,-0.004123717,-0.004889985
8/16/2024,0,0,0,-0.003333336,0.004140793,0.009648593,-0.004376375,0,0
8/15/2024,0,0.008032172,0.013831479,0,-0.016461277,-0.004146516,-0.008695707,0,0
8/14/2024,-0.002861232,0,-0.016574965,0,-0.004073325,-0.006872879,0.008695707,0.004123717,0
8/13/2024,0.002861232,-0.002684565,0.027779564,0.005004181,-0.004056801,-0.006825965,0,0.004140793,0
8/12/2024,0,-0.002677378,-0.038678855,-0.003338901,0.004056801,-0.013513719,-0.013015368,-0.012371292,0
8/9/2024,0.002869442,0.002677378,-0.002706362,0,-0.004056801,-0.005354765,-0.017094433,0.008230499,0.004889985
8/8/2024,-0.002869442,-0.005347606,-0.016086138,-0.006644543,0.012220111,0.002673798,0.00851069,0,0
8/7/2024,-0.002861232,-0.002663117,-0.007947062,0,0,-0.006671139,0,0.008298803,0
8/6/2024,0.002861232,0,0.007947062,0,0.012371292,0.010695289,-0.004264399,-0.008298803,-0.004889985
8/5/2024,-0.002861232,0,-0.005305052,0,-0.024591403,0.005390849,0.017167804,0,0
8/2/2024,0,0.002663117,-0.005277057,0.001657001,0.012220111,0.004062294,0.008695707,0,0
8/1/2024,0,0,0,0,-0.012220111,0.009543358,0,0,0
7/31/2024,0,0,0,-0.003311261,-0.00806456,0.002743486,0.004376375,0,0.004889985
7/30/2024,0.002861232,-0.002663117,0.056848864,0.00165426,0,-0.028437935,0,0,-0.004889985
7/29/2024,-0.002861232,0,0,-0.003305788,0.020284671,-0.011944402,0.00881063,0,-0.00486619
7/26/2024,-0.002853069,-0.002656044,0.033997609,-0.001648805,-0.024292693,-0.013106348,0,-0.004123717,0.00486619
7/25/2024,-0.002844952,0.002656044,0.026278884,0.001648805,-0.00796817,-0.002600782,-0.004415018,0,0
7/24/2024,-0.002836881,-0.002656044,0.002962965,-0.003294896,0.032260862,0,0.008849615,0,0
7/23/2024,0.005681833,0,-0.005917177,-0.001643386,0.004106782,-0.012903405,-0.004434597,0,0
7/22/2024,-0.002844952,0,0,0,0.004123717,-0.008934329,0,0,0
7/19/2024,0,0.002656044,0.011869576,0.00824407,0.012474174,-0.002538072,-0.00881063,-0.004106782,0
7/18/2024,0,0,0.008995563,-0.00165426,0,0.017903291,0,0.004106782,0.004889985
7/17/2024,0.002844952,0,0.009077218,0.004971013,-0.004175371,-0.031748698,0.004395611,0.004123717,0
7/16/2024,0,0.002663117,-0.006060625,-0.004971013,0,-0.011187189,0,0.008298803,0.004914015
7/15/2024,-0.002844952,-0.005319161,0.009104767,0,0,-0.001235331,0,-0.00415801,-0.004914015
7/12/2024,0,0,-0.009104767,0,-0.020619287,-0.031594365,-0.004395611,0.008333382,-0.004889985
7/11/2024,0,0,0.018293193,-0.001651528,0,-0.004773279,0,-0.012474174,0.004889985
7/10/2024,-0.002836881,0,0.031252544,-0.003294896,0.008196767,-0.014184635,0.004395611,-0.01639381,-0.004889985
7/9/2024,0.002836881,0,0.093090423,-0.004922077,0.004123717,-0.011668744,-0.013129291,0.004073325,0
7/8/2024,-0.005665738,0,0.003490405,0.016502025,0,0.03542283,0.00873368,0,0.004889985
7/5/2024,0.011363759,0,-0.017331456,0.011715615,0.072837324,0.045490326,-0.004376375,0.004089985,0
7/4/2024,-0.011363759,0.005319161,0,-0.031485617,0.022472856,0.094932892,0.013187004,0,-0.004889985
7/3/2024,0.005665738,-0.002663117,-0.030459207,0.006546668,0,0.068696531,0.013363228,-0.004089985,0
7/2/2024,0.008559253,-0.007947062,0.044300259,0.003289477,-0.009049836,0.045462374,0.00449439,0.004089985,0.004889985
7/1/2024,0,-0.002635048,0,-0.001646091,0,0.009345862,0.00451468,-0.004089985,0
6/28/2024,0.005747142,0.002635048,-0.003478264,-0.001643386,0.00451468,-0.004683849,0.013667639,0.008196767,0
6/27/2024,-0.0028777,0.002642009,0.006968669,0,0.027524673,0.010963305,-0.013667639,0.004123717,0
6/26/2024,-0.002869442,0.002649008,0.091471403,-0.003278691,-0.013857035,-0.014073727,0.022884294,0,0
6/25/2024,0,0.021448543,0.092249734,-0.004897969,0.009216655,-0.001551591,0.009302393,0.004140793,0
6/24/2024,0.002869442,-0.026739561,0,-0.003252035,0.009302393,0.001551591,-0.023095715,0.00415801,0
6/21/2024,-0.002869442,0.005291018,0.008438869,0.019672766,0,0,0.004576667,0,0
6/20/2024,-0.002861232,0.002656044,0.017094433,0.003316753,0,0.012500163,-0.004576667,0,0
6/19/2024,0,0,0.017391743,0.004995847,0.00938974,-0.032485455,-0.004555817,0,0.004914015
6/17/2024,0.005730675,0,0.004395611,-0.006655599,-0.023311079,0.00152323,-0.009049836,-0.00415801,0
6/14/2024,0,0.002663117,-0.013129291,-0.006611594,-0.009174376,0,0,0,-0.004914015
6/13/2024,0,-0.002663117,-0.004338402,-0.006568168,0.023095715,-0.003044142,0,0.00415801,0
6/12/2024,-0.002869442,0,0.013072082,-0.006525309,-0.023095715,0.004569696,0,0,-0.004889985
6/11/2024,-0.005714301,0.002663117,-0.004376375,0.00162734,-0.018100042,-0.006088299,-0.00896867,0,0
6/10/2024,0,-0.002663117,0.008771986,0.006535971,-0.017778246,-0.007558615,0,0.004175371,0
6/7/2024,-0.002844952,0.002663117,0,-0.017872125,-0.008771986,0.003016594,0,0,0.004889985
6/6/2024,-0.041730672,-0.002663117,-0.030371098,-0.003215437,0.026550232,0.003025721,0.00447428,0,-0.004889985
6/5/2024,-0.00272109,-0.005305052,0,-0.003205131,-0.026550232,-0.007547206,-0.017778246,0,0
6/4/2024,0.00272109,0,-0.004264399,-0.003194891,-0.004357305,0.004521485,-0.013129291,0,0
6/3/2024,0,-0.00790518,0,0,-0.008658063,-0.012012156,-0.021506205,-0.012474174,0.004889985
5/31/2024,0.002728515,0,-0.01268516,0.003194891,-0.012848142,0,-0.021053409,-0.004123717,0
5/30/2024,-0.002728515,-0.005235614,0.004210533,0,0.017167804,0.001493652,0.02960047,0,0
5/29/2024,-0.00272109,0,0.029980832,0.006420568,-0.038221213,-0.001493652,0.026088436,-0.004106782,0
5/28/2024,-0.002713706,0.002614381,0,-0.009615459,0.04691692,0.004487666,0.017778246,0,0
5/27/2024,0,0.002621233,0.004357305,0.003194891,0.026550232,-0.005979091,0.00449439,0.008230499,-0.004889985
5/24/2024,0.013642776,0.00526317,0,0.003205131,0.022676709,0.001491425,0,0,0
5/23/2024,0.013831479,0.005291018,0.004376375,0.004827041,0,-0.004467617,0.009049836,0,0
5/21/2024,-0.016574965,-0.028760152,-0.00873368,-0.00643089,0.004597709,0.007457156,-0.013544225,0.004140793,0.004889985
5/20/2024,0.005494519,-0.002574004,0.004357305,0.00160385,-0.036203049,-0.002989539,0,-0.00826451,-0.004889985
5/17/2024,0,-0.002567396,0.008771986,0.001606426,0.027028672,0.002989539,0.093965792,0.00826451,-0.00486619
5/16/2024,0.011080446,0,-0.004395611,0,0.009174376,0.006006024,0,0.00415801,-0.004842624
5/15/2024,0.005586607,0.007722046,-0.021692825,-0.001606426,0,-0.003007521,0,-0.00415801,0
5/13/2024,0.002805051,0.002587324,0,0.004827041,0,0.010566136,0,0.00415801,-0.065443908
5/10/2024,0.002812941,0.005194817,-0.004282662,-0.004827041,-0.004597709,0,0,0,0.013667639
5/9/2024,0,0.015748357,-0.004264399,0.012924251,0.004597709,0,-0.009804,-0.00415801,0.004597709
5/8/2024,0,0.018692133,0,-0.00486619,-0.009174376,-0.001516301,0,0.01252626,0.004618946
5/7/2024,0.002820876,0,0,-0.003231021,-0.004555817,0.001516301,0,-0.004192878,-0.013793322
5/6/2024,0,-0.02396919,0.012848142,-0.001611604,0.009132484,0.001518603,0,0.004192878,-0.013605652
5/3/2024,0.011363759,-0.002628122,0.026202372,0.001611604,0.013857035,0.012232568,-0.00486619,0,-0.00449439
5/2/2024,0,0.002628122,0.004434597,-0.001611604,0.009345862,0.003081667,0.00486619,0,0.013544225
4/30/2024,-0.016997576,0.005277057,0,-0.001609011,-0.059242834,0.015552413,0.004889985,0.004210533,0.051293294
4/29/2024,0,0.016000341,0.031605339,-0.001606426,0.008888947,0.006289329,0,-0.025001302,0.004796172
4/26/2024,-0.002805051,-0.067558151,-0.044850566,-0.00160385,-0.068992871,-0.017201362,-0.014598799,-0.016326893,-0.004796172
4/25/2024,0.002805051,-0.039413969,0.013245227,0.00160385,0,0.023530497,0,0.008130126,0
4/24/2024,0,0.009708814,-0.026317308,0.009677495,-0.016529302,0.017614547,0,0.012320484,0
4/23/2024,-0.002805051,0,0.004338402,0.003246756,-0.028284714,-0.009646377,0.004842624,-0.008230499,0.004796172
4/22/2024,-0.002797205,-0.012121361,-0.012959145,0,0.061621134,0,0,-0.004089985,0
4/19/2024,0.005602256,-0.026160826,-0.008547061,0.013093477,-0.008438869,-0.001598721,-0.004842624,-0.012170536,-0.004796172
4/18/2024,-0.008391658,-0.013986242,-0.004246291,-0.011466137,-0.033060862,-0.012698583,0.014598799,0,0
4/17/2024,-0.002781643,-0.006920443,0,0.004897969,0.058594164,0,-0.019418086,-0.00402415,0.009615459
4/12/2024,0,-0.002296212,0.004246291,-0.003267977,0,-0.004720701,0.014528101,0,0
4/11/2024,-0.002773927,0.002296212,0,0,-0.012848142,-0.004698521,0,0,0.004842624
4/10/2024,-0.002766253,-0.011428696,0.012848142,-0.006504088,-0.004246291,-0.00778214,0.004889985,-0.004008021,-0.004842624
4/9/2024,0.002766253,-0.006795043,0,0,0.004246291,0.00778214,-0.004889985,0.004008021,0
4/8/2024,0.008344972,0.018223739,0.004319661,0,0,-0.00778214,-0.00486619,0.00402415,0.004842624
4/5/2024,-0.011111225,-0.096354566,-0.102759734,-0.001619434,0,-0.021473218,-0.009661911,-0.012024193,-0.004842624
4/4/2024,0,-0.002085506,-0.034552382,0,-0.025211419,-0.001516301,0,-0.003976148,0
4/3/2024,0,0,-0.022388995,0.003241494,0.020965128,0.001516301,0,0,0.004842624
4/2/2024,0,-0.002081166,-0.003683245,-0.003241494,-0.025105921,0.001518603,0,-0.00790518,-0.004842624
4/1/2024,-0.002758622,-0.004149384,0,-0.001616815,0.012474174,-0.004548909,0.004819286,-0.003929278,0
3/29/2024,0,0,-0.01821544,0.006483005,-0.024794659,-0.001511716,0,-0.003913899,-0.004819286
3/28/2024,0.002758622,0.00207254,0,0,-0.012170536,0,0,0,0.004819286
3/27/2024,-0.002758622,-0.00207254,0,-0.009708814,-0.00402415,-0.001509434,0,-0.00389864,-0.004819286
3/26/2024,0.002758622,-0.00619197,-0.007194276,-0.003215437,0,-0.010502722,-0.009615459,0.011741818,-0.004796172
3/25/2024,0,-0.008196767,0.003590668,-0.00160385,-0.027724548,0,0.004796172,-0.007843177,0
3/22/2024,-0.002758622,0.012320484,0,-0.001601281,-0.026976588,-0.007434978,-0.004796172,0,0.004796172
3/21/2024,0.008298803,0,0.007220248,0.001601281,0.046701093,0.005943554,0.004796172,0,0
3/20/2024,-0.008298803,0.008298803,0,-0.003200003,0,-0.001489204,0,0,-0.004796172
3/19/2024,0,-0.00415801,-0.007220248,0,-0.039067468,-0.010362787,-0.009569451,0,0
3/18/2024,0,0.00415801,0,0,0.011560822,0.002949855,0.004773279,-0.011650617,0.004796172
3/15/2024,0.002758622,-0.002081166,0,0,-0.030536724,-0.004421525,0,0.003868477,0
3/14/2024,0.008321823,0,-0.003590668,0.001598721,0.054067221,-0.00732604,0.009615459,-0.007722046,0
3/13/2024,-0.008321823,-0.004149384,0,-0.001598721,-0.042724945,0,-0.009615459,0,-0.004796172
3/12/2024,-0.002758622,-0.004132237,0,0.001598721,-0.003795071,0.00438918,-0.004773279,0,0.004796172
3/11/2024,-0.002751033,-0.002059733,0,-0.003194891,-0.022472856,-0.010211613,-0.004750603,0.003853569,-0.004796172
3/7/2024,0.005509656,0,0.007194276,0,0.018692133,0.002906979,-0.004728141,0.011650617,0.004796172
3/6/2024,-0.005509656,-0.002055499,0,0.003194891,-0.02607224,0,-0.004705891,0.003913899,0
3/5/2024,0,-0.004098366,-0.010772097,-0.006379607,0.003683245,0,0.004705891,-0.00781254,-0.004796172
3/4/2024,0,-0.004081638,0.007168489,0.006379607,-0.014652277,-0.008695707,-0.00938974,0.00389864,0.004796172
3/1/2024,0,0,-0.007168489,-0.004788517,-0.014440684,-0.002881846,-0.004662013,0,-0.004796172
2/29/2024,0,0,0.003577821,-0.00159109,-0.003577821,-0.004307257,-0.00464038,0,-0.004773279
2/28/2024,0.002751033,0.002038737,-0.003577821,0.003184716,-0.014184635,0,0.00464038,0,0.004773279
2/27/2024,-0.002751033,0.002042902,0,0,0.017762456,0,0.004662013,0.003913899,-0.004773279
2/26/2024,0,0,0.007168489,0,-0.003577821,-0.001431639,-0.009302393,-0.003913899,-0.004750603
2/23/2024,0,-0.002042902,-0.007168489,0,-0.014184635,0.004301082,0.00464038,0,0
2/22/2024,0,-0.002038737,0,0,0,0.001437815,-0.00464038,0,-0.004728141
2/21/2024,0,-0.006091389,0.003577821,0,-0.003514942,-0.005738897,0.00464038,0,0.014252023
2/20/2024,0,-0.00404041,0.003590668,0.00159617,0.007042283,-0.002857145,-0.00464038,0,0
2/19/2024,-0.002743486,-0.00402415,-0.007168489,-0.004780886,-0.010544913,0.005722476,-0.004618946,0.007843177,-0.009523882
2/16/2024,0,0,-0.003565066,-0.001588563,0.01408474,0,0.009259325,0,0.004750603
2/15/2024,0.008253142,0,0.003565066,0.003179653,-0.003539827,-0.004294924,-0.00464038,0,0
2/14/2024,0,0,-0.003565066,0,-0.007042283,0,-0.004618946,-0.011741818,0
2/13/2024,-0.002758622,-0.004008021,0,0,0.003514942,-0.008534902,-0.004597709,0.00389864,0
2/12/2024,-0.002751033,0,0,0.003189795,0,0.001417435,0,-0.00389864,-0.004750603
2/9/2024,0.002751033,0.002002003,0.010733556,-0.00159617,0.014184635,-0.002832863,0,0.00389864,0.009523882
2/8/2024,-0.002751033,0.002006019,-0.003590668,0.003194891,-0.017699577,0.009950331,0.004597709,0,0
2/7/2024,0.002751033,-0.004008021,-0.003577821,-0.006379607,0,0,0.004618946,-0.00389864,0
2/6/2024,-0.002751033,0,0,0,-0.017391743,0,0,0,0
2/5/2024,0,0,0,-0.003174606,0.013889112,0.008608375,0.00464038,0,0.004796172
2/2/2024,0,0,0,0.009554213,0.010544913,-0.007178782,-0.00464038,0,-0.004796172
2/1/2024,0,0,0.003577821,-0.006379607,0.010657294,-0.001429593,-0.004618946,-0.0038835,0
1/31/2024,0,0.002002003,0,-0.001588563,-0.021202208,0.001429593,0.004618946,-0.003868477,0
1/30/2024,0.002751033,-0.004000005,-0.003577821,0.006369448,-0.003490405,0.001431639,-0.004618946,0.007751977,-0.004773279
1/29/2024,0,0,-0.003565066,0.001598721,0.024692613,-0.001431639,-0.004597709,-0.0038835,0
1/26/2024,0.005524876,0,0,0,-0.017699577,0.002865331,0.009216655,0,0
1/25/2024,0,0,0.003565066,0,-0.006993035,0,0.00464038,0,0
1/24/2024,-0.008275909,0.001998003,0,-0.001598721,-0.010398707,0.010093813,-0.00464038,0.0038835,0
1/23/2024,0,0,-0.003565066,0,0.03509132,-0.005780363,0,-0.0038835,0
1/22/2024,0,0,-0.003552402,-0.00159617,0,0.001441961,0,0.0038835,0
1/19/2024,0.005509656,0,0.003552402,0.003194891,-0.010657294,0.001444044,-0.004618946,0.00389864,0
1/18/2024,0,0,0,0,0.010657294,-0.001444044,0,-0.00389864,0
1/17/2024,0,0,0.003565066,0.006420568,0.010772097,0.001444044,0,-0.015444322,0
1/16/2024,-0.005509656,0,0,-0.012800175,-0.010772097,-0.001444044,0.004618946,-0.007633625,0
1/15/2024,0,0,-0.003565066,-0.003174606,0.040078224,-0.002881846,-0.004618946,-0.003795071,-0.004750603
1/12/2024,0,0,-0.003552402,0.003174606,-0.007407441,-0.004307257,0.004618946,0.011428696,0
1/11/2024,0,0,0.003552402,-0.001588563,0.018622512,-0.001431639,-0.004618946,0,0
1/10/2024,0,0,-0.003552402,0.003179653,-0.007490672,0.002865331,0.009259325,0,0.004750603
1/9/2024,0,0,0,0,0.011257155,0.008645587,-0.00464038,0,0
1/8/2024,0,-0.001998003,0,-0.00159109,0.034552382,0,0,0.003838776,0
1/5/2024,0,0,-0.003539827,0.003184716,-0.053244515,0.001448226,-0.009216655,-0.011472401,-0.004750603
1/4/2024,0.005509656,0,0,-0.003184716,0.022472856,-0.007220248,0.004597709,0.007633625,-0.004728141
1/3/2024,-0.005509656,-0.003984069,-0.003527341,-0.001588563,-0.026169718,-0.007168489,-0.004597709,-0.007633625,0
1/2/2024,0,0,0,0.001588563,-0.011009286,0,0,0,-0.004705891
12/29/2023,0,0.00199005,0,0.00159109,0.018416727,0.001429593,0,0,0.004705891
12/28/2023,0,0,0,0,0.026366876,0,0,0.01532597,0
12/27/2023,-0.002743486,0,0,0,0.007662873,-0.001429593,0.004597709,-0.01532597,0.004728141
12/26/2023,0.002743486,-0.011881328,0,-0.00159109,0.023347364,0,0,-0.007575794,-0.004728141
12/25/2023,-0.002743486,0.013875346,0.003527341,0.00159109,-0.02718614,0.004294924,0,-0.007518832,0
12/22/2023,0.005494519,0.016096927,0.003539827,0.006389798,-0.018975901,0.017366572,0,0.011299555,0
12/21/2023,-0.002751033,0.012245051,0.003552402,0,0.003766483,-0.014493007,-0.004597709,0,0.009478744
12/20/2023,-0.005479466,0.002055499,-0.007092228,0.003210276,-0.007518832,0,-0.004576667,0.007604599,0
12/19/2023,0.005479466,0,-0.003527341,-0.004811557,0.030420597,-0.004307257,-0.009090972,0.007662873,-0.004750603
12/18/2023,0,0,-0.010507978,0.001601281,0.003868477,0,-0.01348335,0.011605546,0.004750603
12/15/2023,-0.002743486,0.002059733,0.006993035,0,0.019570096,0.005747142,0.018018506,0.023623146,0.004773279
12/14/2023,0,0.008281621,0.003514942,0.004819286,0,0.005780363,0,0.003992021,-0.004773279
12/13/2023,0.002743486,0.002081166,0.010619569,0.009708814,0.00793655,0.00290276,0,0,0
12/12/2023,0,0,0,-0.00809721,-0.015810606,-0.001452433,0.009132484,0.004008021,0
12/11/2023,-0.002743486,0,-0.014134511,0.004850454,-0.01169604,0,0,0.00806456,0
12/8/2023,0.002743486,0.002085506,-0.003502631,-0.004850454,-0.007722046,0,0,0.004056801,0
12/7/2023,0,0.002089865,0.003502631,0.00809721,0.003853569,0,-0.004576667,-0.004056801,0.004773279
12/6/2023,0,-0.002089865,0,-0.00486619,-0.007692346,0,0.004576667,-0.00806456,0
12/5/2023,0,0,0,-0.003231021,-0.003824096,0,-0.004576667,-0.008000043,0
12/4/2023,0,-0.002085506,-0.006993035,0,0.042891565,-0.001450327,0.004576667,0.032391496,0
12/1/2023,0.011049836,0,-0.020690393,-0.001611604,0.040656006,0,0,0.016597891,0
11/30/2023,0.002781643,0,0.024180798,-0.001609011,-0.068162651,0.001450327,0.004597709,0.004192878,0
11/29/2023,0,0,0.01408474,-0.001606426,0.059898142,0,0.009259325,0,0
11/24/2023,-0.002781643,0,-0.010582109,0,0.016597891,-0.001450327,-0.009259325,0.004210533,0
11/23/2023,0,0,0,0,0.0648175,0.014598799,-0.004597709,0.004228336,-0.004773279
11/22/2023,0,0,-0.0104713,0,0,-0.021819047,0,0,0
11/21/2023,0,0,0,0.008058061,-0.026433257,0.020349539,0.013857035,0,0.004773279
11/20/2023,0,0,-0.003466208,-0.019231362,0.00873368,-0.017467693,-0.00464038,0,-0.004773279
11/17/2023,-0.008298803,0.002085506,0,0,-0.038714512,0,0,0,-0.004750603
11/16/2023,-0.002751033,0.002089865,0.003466208,0.004773279,0.025642431,-0.002881846,-0.004618946,0.00851069,0.004750603
11/15/2023,0,0.006295928,-0.003466208,0.016077517,0,0.005772022,0.004618946,-0.004264399,0.004773279
11/14/2023,0,-0.01670185,-0.006896579,-0.001619434,0.004338402,-0.005772022,0.00464038,0,-0.009523882
11/13/2023,0.008275909,0,0.003442344,0,-0.008658063,-0.001437815,-0.00464038,0,0
11/10/2023,0,0,0.003454235,0.009756175,-0.004301082,0.001437815,0,0.004264399,0
11/8/2023,-0.005524876,0,0.003466208,-0.008136741,0.01731645,0.014493007,-0.004618946,0.004282662,0.004750603
11/7/2023,0,0,0.003478264,0.00162206,-0.008695707,-0.001458789,0.004618946,0,-0.004750603
11/6/2023,0.002758622,0,-0.006944472,0.001624696,-0.004319661,-0.011594333,-0.013793322,0,-0.004728141
11/3/2023,0,0,0.006944472,0,-0.050430854,-0.001439885,0.009174376,0.004301082,0
11/2/2023,0.002766253,-0.002068253,0,0,0.012371292,-0.002873565,-0.004597709,0,0
11/1/2023,-0.002766253,0,0.024692613,0,0.046717625,0.00143575,0.023202897,0,0.004728141
10/31/2023,0.002766253,0.006217637,0,-0.003246756,-0.012959145,0,0,0,0.009523882
10/30/2023,0.002773927,0.002081166,-0.017699577,0.003246756,0,-0.005730675,0.004705891,0,0
10/27/2023,0.011173301,0.01892801,0.014134511,0,0,0.002861232,0.009478744,0.008658063,0
10/26/2023,-0.008391658,-0.00845671,-0.010619569,0,-0.02960047,0.007189104,0,-0.034191365,0
10/25/2023,-0.002781643,-0.020834087,-0.010507978,-0.001624696,-0.020619287,0,-0.018868484,-0.016667052,-0.004773279
10/24/2023,-0.002773927,-0.002059733,0.006993035,0.001624696,0.045937095,0.002890175,-0.009302393,0,0
10/23/2023,-0.005524876,-0.018349139,0,0.00162734,0,-0.011510918,-0.004618946,0,-0.009478744
10/20/2023,-0.002751033,0,-0.017391743,0,0.012903405,0.001431639,0,0.004140793,0.004728141
10/19/2023,0.002751033,-0.004032264,0.003454235,-0.008110345,0,0.010079279,0.004618946,-0.00826451,-0.004728141
10/18/2023,-0.002751033,0,-0.017153079,0.001616815,0,0.001448226,-0.013793322,0,0
10/17/2023,-0.002743486,0,-0.006779687,0.001619434,-0.004319661,-0.012959145,0.004576667,0,0
10/16/2023,0.008253142,-0.00401607,0.013605652,0.009772065,-0.004301082,0.012959145,-0.004576667,-0.008196767,-0.004705891
10/12/2023,-0.002758622,0.00401607,-0.010221554,0.001638002,0,-0.014388737,0.009174376,0.016461277,0.014184635
10/11/2023,0.008298803,0.002014099,0.041528459,0.008230499,0.021692825,0,0,0.008333382,0.009569451
10/10/2023,-0.011049836,-0.002014099,-0.061663367,-0.00658981,0,0.002861232,-0.004597709,0,-0.004796172
10/9/2023,0,-0.00401607,-0.026231012,-0.001640689,-0.004376375,-0.002861232,0,-0.012474174,-0.014252023
10/6/2023,0.002751033,0,0.029558802,0.003284075,-0.008695707,-0.008534902,-0.004576667,-0.004123717,0
10/5/2023,-0.005494519,-0.002002003,-0.013245227,-0.003284075,-0.008620743,0,0.004576667,0.004123717,-0.00938974
10/4/2023,-0.005464494,0,-0.009820046,-0.003273325,0,0.011396135,0,0.004140793,0
10/3/2023,0.002728515,0,-0.00972455,0,0,-0.002861232,0.004597709,-0.004140793,0.023641763
10/2/2023,0.00273598,0,0.036128724,0,-0.04202299,-0.005698021,-0.009174376,-0.008230499,0.004796172
9/29/2023,0,0,0,0.001635323,0,0.007127614,0.009174376,-0.004089985,-0.004796172
9/28/2023,0,0,0.006711435,0.001638002,0.025001302,-0.001429593,-0.004597709,-0.004073325,0
9/27/2023,0,0,0.006756782,-0.003273325,-0.012578782,0.005730675,-0.004576667,0,0
9/26/2023,-0.005464494,0,-0.006756782,0.001635323,-0.036813973,0,0,-0.016129382,-0.009523882
9/25/2023,-0.008141158,-0.001998003,0,-0.001635323,0,-0.011428696,0,0,0
9/22/2023,0.002706362,0,-0.003361348,-0.003262646,-0.004008021,-0.001419447,-0.004555817,0.008032172,0
9/21/2023,-0.005405419,0,-0.02321829,0.003262646,0,-0.001417435,0.004555817,-0.008032172,0
9/20/2023,-0.002691792,0,0.009884759,0,0,-0.001415428,-0.009090972,-0.003992021,-0.004728141
9/19/2023,0.005390849,0,0.003316753,0,0.004008021,0.008522779,0.013667639,0.003992021,-0.004705891
9/18/2023,-0.002699057,0,-0.019737483,-0.004889985,-0.004008021,0,-0.004576667,0,0
9/15/2023,0.002699057,0,0,0,0.016129382,0.001427552,0,0,0
9/14/2023,-0.008075414,0,-0.006493529,-0.003246756,-0.012121361,-0.012775191,0,0,-0.004683849
9/13/2023,0.005376357,0,0.0130295,0.011410067,0.040989345,0.00707717,0,0.004008021,0
9/12/2023,-0.002691792,0,-0.003273325,0,-0.040989345,-0.002836881,-0.004555817,0.00402415,0.014117882
9/11/2023,0.005390849,0,0.003273325,-0.008163311,0.00402415,0,0.009132484,0.032789823,0
9/8/2023,0.013605652,0,0,0.006525309,0,-0.002828856,-0.004576667,-0.016529302,0
9/7/2023,-0.018996501,0,-0.003273325,-0.006525309,-0.019960743,0.007087202,-0.009090972,-0.020284671,0
9/6/2023,0.002691792,0,-0.003262646,-0.006483005,0.09531018,0,0.004535155,-0.008000043,0.004750603
9/5/2023,0.002699057,0,0,-0.001614205,-0.067252227,0.007137789,0,-0.035228692,-0.014184635
9/4/2023,-0.005390849,0,0,0,0,-0.015636424,-0.004535155,-0.007662873,-0.009345862
9/1/2023,0,0,0.006535971,0,-0.043744549,0.004240289,0,-0.007604599,-0.00464038
8/31/2023,-0.002684565,0,-0.003273325,-0.001611604,-0.015444322,0.001417435,-0.00451468,0,-0.004618946
8/30/2023,0,0,-0.006514681,-0.001609011,-0.007633625,-0.004246291,0,0.003795071,0
8/29/2023,0,0,0,0.003220615,-0.011342277,0,-0.00449439,-0.007575794,0.004618946
8/28/2023,-0.002677378,0,0.003252035,-0.008032172,-0.007490672,0.011363759,-0.00447428,-0.029741969,0.009302393
8/25/2023,0,-0.001994019,-0.003252035,-0.003194891,0,0,-0.00445435,-0.007299302,-0.009302393
8/24/2023,0.005361943,0,0.009788006,0.003194891,0.011257155,0,0.008928631,-0.007246409,-0.004618946
8/23/2023,-0.002684565,0,0,0,-0.029741969,-0.007117468,-0.008928631,-0.003603608,-0.004597709
8/22/2023,0,0.003992021,0,-0.004788517,-0.035975102,0.007117468,0,-0.003590668,-0.004576667
8/21/2023,-0.002677378,-0.003992021,0,-0.00159109,-0.003527341,-0.001427552,0,0,0.004576667
8/18/2023,0,0,0.003284075,-0.004758137,0.010619569,-0.002849005,0,0,-0.009132484
8/17/2023,0,0,-0.013072082,0,0,0,0,0.003590668,0
8/16/2023,0.002677378,0,-0.003241494,-0.001581028,-0.007092228,-0.007087202,-0.004434597,-0.017825784,0.004555817
8/15/2023,0,0,0,0,-0.014035318,-0.015417264,-0.004415018,-0.014035318,0
8/14/2023,-0.002677378,0,0.009756175,-0.003154577,-0.003478264,0.025353471,0.008849615,0.028270434,0
8/11/2023,0,-0.00199005,0,-0.001573564,0.0104713,0,0.01342302,-0.007142888,-0.004555817
8/10/2023,0,0,-0.006514681,-0.006269613,-0.003502631,-0.001425517,0.00451468,-0.003552402,0.009132484
8/9/2023,0,0,-0.006472515,-0.001561281,0,0,-0.01348335,-0.003539827,-0.004576667
8/8/2023,-0.002670229,0,0.006472515,-0.00622086,-0.003490405,-0.014144507,0,0.003539827,-0.009090972
8/7/2023,0,-0.003968259,-0.006472515,0.001551591,-0.006944472,0.005633818,-0.008888947,-0.003539827,-0.01348335
8/4/2023,0.002670229,0,0,0.004669269,0,-0.001411433,-0.004415018,0,0
8/3/2023,0,-0.00197824,-0.009630893,-0.003115267,-0.003454235,-0.004222385,0.004415018,0.003539827,-0.00445435
8/2/2023,-0.002670229,0,0,-0.001554002,-0.006872879,0.005633818,-0.004415018,-0.021053409,0.008928631
8/1/2023,0.005347606,0,0,0,-0.006825965,-0.002820876,-0.004395611,0.006968669,0.00900907
7/31/2023,-0.005347606,0,-0.015848192,-0.001551591,-0.003395589,0,-0.004376375,-0.003490405,-0.00451468
7/28/2023,0,0,0.025479085,-0.007722046,0.006802747,0.012757083,-0.004357305,-0.003478264,0.00451468
7/27/2023,0.002670229,0,0,-0.018293193,-0.006802747,-0.005689916,0,-0.010362787,-0.00900907
7/26/2023,0.002677378,0,0,0.026015239,-0.003384098,-0.004246291,0,0.010362787,-0.008928631
7/25/2023,-0.002677378,0,0,-0.0061824,-0.006734032,0.007087202,-0.004338402,-0.013793322,-0.008849615
7/21/2023,0,0,-0.009630893,0.0061824,0.023770219,0,0,0,0.008849615
7/20/2023,0,0,0.016103408,-0.003095978,-0.013652089,0,0.008695707,0.063625696,0.00445435
7/19/2023,-0.002670229,0,-0.003241494,-0.007698267,-0.006756782,-0.008498635,-0.021599112,-0.056752817,-0.008888947
7/18/2023,0,0,0.006493529,0,0,-0.004222385,0.039220713,-0.03056265,-0.013187004
7/17/2023,0,0,-0.00972455,0.004611845,0.010152371,0.005633818,0,-0.006666691,-0.01731645
7/14/2023,0.005347606,0.00197824,0,0,-0.010152371,0,0,0.00332779,-0.004282662
7/13/2023,0,-0.00197824,0.006472515,-0.001539646,-0.003361348,-0.002820876,-0.008849615,-0.086177696,0
7/12/2023,0.008075414,0,-0.006472515,-0.001537279,-0.033006296,0.014184635,-0.034635497,-0.104442663,0.008583744
7/11/2023,-0.005390849,0,-0.003220615,-0.00153492,0.09531018,-0.001427552,0.093609499,0.09531018,0.094879238
7/10/2023,-0.002684565,-0.003944778,-0.003210276,0.004611845,0,-0.012757083,-0.018519048,0.09531018,0.004750603
7/7/2023,0,0,-0.003200003,0.00154202,-0.028170877,0,0.004597709,0.094310679,0
7/6/2023,0,0,0.006410278,-0.004618946,-0.006920443,-0.007017573,-0.004597709,0.092018899,-0.009478744
7/5/2023,0,0,-0.003210276,0.004618946,-0.006872879,0.007017573,-0.004576667,0.024391453,0.009478744
7/4/2023,-0.002677378,0,-0.006389798,0.001544402,0,-0.00140746,0,0.00826451,-0.004750603
7/3/2023,-0.002670229,-0.001966569,0.016051709,-0.001544402,0.006872879,-0.007007737,0,0.00415801,-0.009434032
6/30/2023,0.002670229,0,-0.003231021,0.00464038,-0.013698844,0,0,0.02960047,0
6/29/2023,0,0,0.006472515,0.00622086,0,-0.002789402,-0.004555817,0.012959145,-0.032335381
6/28/2023,0,0,-0.003241494,0,0.013698844,0.009797139,-0.009049836,-0.025752496,0
6/27/2023,0,0,-0.006451635,-0.003115267,0,0.00140746,-0.00449439,0,0
6/26/2023,0,-0.001962709,0,0.010946161,-0.017094433,0,-0.00447428,0,0
6/23/2023,0,0,-0.012779727,-0.012500163,-0.01011813,-0.00140746,-0.008888947,0,0
6/22/2023,0,0,-0.006329135,0,0,-0.004210533,-0.00881063,0,0
6/21/2023,-0.002670229,-0.001958864,0,0,-0.003350087,0.008438869,-0.004376375,0,0
6/20/2023,0.002670229,-0.001955035,-0.003149609,-0.001551591,-0.003338901,0.009936207,0,0,0
6/19/2023,0,0,-0.00313972,-0.030536724,0,-0.012757083,0,0,0
6/16/2023,0,0,0,-0.00150263,0,-0.007017573,0,0,0
6/15/2023,0,0,-0.003129893,-0.001500375,0,-0.005578815,0.004376375,0,0
6/14/2023,-0.002670229,0,0,-0.002994014,-0.009950331,-0.00277778,-0.004376375,0,0
6/13/2023,0,0,-0.009331327,-0.001493652,0,0.001387925,-0.008695707,0,0
6/12/2023,0,0,0.003100778,0.001493652,0,0.004175371,-0.004319661,0,0
6/9/2023,0.008032172,0.001955035,0,0.01203022,0.003305788,0.009810871,0.004319661,0,0
6/8/2023,-0.052367986,0,-0.003100778,-0.006033201,-0.003305788,0,-0.004319661,0,0
6/7/2023,-0.002547772,0,0,0.001504891,0,0,-0.008583744,0,0
6/6/2023,-0.002541297,0,0.0062112,-0.003007521,-0.003294896,0,0,0,0
6/5/2023,0.007643349,-0.001955035,-0.015456258,-0.00449439,-0.003284075,0.002820876,0,0,0
6/2/2023,0,-0.00195122,-0.012195273,0.001495887,0.003284075,0.004246291,0.004282662,0,0
6/1/2023,0.005128216,0.00195122,-0.012048339,-0.001495887,-0.003284075,0.005689916,0,0,0
5/31/2023,-0.005128216,0,-0.002989539,0.00449439,0,0.001427552,-0.008547061,0,0
5/30/2023,0.002560821,0,0,0.00150263,0.003284075,-0.021202208,0,0,0
5/29/2023,0.0051414,0,0.008995563,-0.00150263,0,-0.002793298,0,0,0
5/26/2023,-0.002574004,0,0.003016594,0.00150263,0,0.001395674,-0.008474627,0,0
5/25/2023,0.002574004,0,0.003025721,0.00301205,-0.003284075,-0.002789402,0,0,0
5/24/2023,0,0,0,-0.014970339,-0.003273325,-0.030180617,0,0,0
5/23/2023,-0.0051414,-0.00389864,-0.009049836,0.010455659,0,-0.001350439,0.004228336,0,0
5/22/2023,0.0051414,-0.0038835,0.009049836,-0.001500375,0,-0.025317808,0,0,0
5/19/2023,0.010362787,-0.001936109,-0.006042314,0.015106027,0,0.062435471,0,0,0
5/18/2023,-0.002600782,0.001936109,0,0,0,0,0,0,0
5/17/2023,0,0,0.021309787,0.00152323,0.003273325,-0.00139958,0,0,0
5/16/2023,-0.005181359,0.001939865,-0.024317308,-0.006079046,-0.003273325,-0.009742596,-0.004228336,0,0
5/15/2023,0.005181359,0,0.003007521,-0.016529302,-0.003262646,0,0.004228336,0,0
5/12/2023,-0.007762005,0,0,-0.002976193,-0.003252035,0,0,0,0
5/11/2023,0.007762005,0,0.006042314,0.001486989,0,-0.004146516,0,0,0
5/10/2023,0,0,0.003034904,0,0.006514681,0.006920443,-0.004228336,0,0
5/9/2023,-0.002594035,-0.071191101,0.012232568,-0.00297177,-0.003262646,-0.011049836,0.004228336,0,0
5/5/2023,-0.007741974,-0.012578782,-0.024317308,-0.002962965,0,-0.002743486,-0.008438869,0,0
5/3/2023,0.005154651,0,-0.005988042,0.001480385,-0.003252035,0,0,0,0
5/2/2023,-0.007722046,-0.017699577,0,-0.007380107,0,-0.013605652,-0.00836825,0,0
4/28/2023,0.002567396,0.001755927,0,0,0.003252035,-0.008075414,0.00836825,0,0
4/27/2023,0,0.001759015,0,-0.001469508,0,-0.001339585,0,0,0
4/26/2023,0,-0.001759015,-0.002980628,-0.002932553,-0.003252035,0,-0.004192878,0,0
4/25/2023,0,-0.010489607,0,-0.002923979,-0.003241494,0.002680967,0.004192878,0,0
4/24/2023,0,-0.00173762,0.002980628,0.005856532,-0.003231021,-0.001341382,0.004210533,0,0
4/21/2023,0.002574004,0.00173762,-0.002980628,0.001469508,0.003231021,0.006724975,-0.008403411,0,0
4/20/2023,-0.002574004,0,-0.00297177,-0.005865119,0,0,0.004192878,0,0
4/19/2023,-0.002567396,0.010489607,-0.002962965,-0.007283353,0.003241494,-0.00806456,0.01268516,0,0
4/18/2023,0,0.001759015,0.005934736,-0.005788728,0.009788006,-0.001337793,0,0,0
4/17/2023,0.002567396,-0.001759015,-0.005934736,0,0,0.00401876,-0.004246291,0,0
4/13/2023,0,0.00352113,0.002962965,0,-0.003273325,0.001343184,-0.004228336,0,0
4/12/2023,0,0.001765226,0,0,-0.003262646,-0.005361943,-0.004210533,0,0
4/11/2023,-0.002567396,0.007092228,0,-0.001441961,0,-0.002670229,0,0,0
4/10/2023,0.002567396,0.012533736,-0.005917177,0.005780363,0.003262646,0.008032172,0.004210533,0,0
4/7/2023,0,0.005420067,0,-0.001448226,-0.006514681,-0.001343184,-0.004210533,0,0
4/6/2023,0.002574004,0,0,0.001448226,0,0,0,0,0
4/5/2023,-0.002574004,0,0.002954212,0.001450327,0,0,0.004210533,0,0
4/4/2023,0,0,0,0,0.006514681,0,0,0,0
4/3/2023,0.002574004,0,0.002962965,0,-0.006514681,0.006734032,0.004228336,0,0
3/31/2023,0,0,0.01194044,-0.001450327,0.003252035,-0.006734032,0,0,0
3/30/2023,-0.002574004,0,-0.017857617,-0.002894358,0,0,0,0,0
3/29/2023,0.002574004,-0.00361664,0.005917177,-0.00432589,-0.006493529,0,-0.004228336,0,0
3/28/2023,0,0,0.01194044,-0.001437815,0,0,0.008474627,0,0
3/27/2023,0,0,-0.002998503,0.008658063,-0.003231021,-0.00401876,-0.004246291,0,0
3/24/2023,-0.00770222,0,-0.014859114,0.001450327,0,0.013459153,-0.004228336,0,0
3/23/2023,0.002560821,0,0.002954212,-0.007230689,0.003231021,0.001355932,0,0,0
3/22/2023,-0.002560821,-0.001803427,0.008915364,-0.005747142,0,-0.014815086,0,0,0
3/21/2023,0.002560821,0,-0.017751945,0,-0.003231021,0.00401876,0.008474627,0,0
3/20/2023,-0.002560821,0,-0.00875918,0.011527505,0,-0.013333531,-0.01268516,0,0
3/17/2023,0.005128216,0.009049836,0.00291121,0.00290276,0,0.007978766,0.008438869,0,0
3/16/2023,0.010336009,0.001819837,0.01173034,-0.001452433,0.006472515,0.016151091,0,0,0
3/15/2023,0.010443959,-0.001819837,-0.00588237,0.008746411,-0.016103408,0.001357773,0.004246291,0,0
3/14/2023,-0.038614836,-0.026907453,-0.037414436,-0.020290551,-0.003189795,-0.025487631,-0.021053409,0,0
3/13/2023,0,-0.005295688,0.014224991,-0.002865331,0,-0.013158085,0.004175371,0,0
3/10/2023,0,0,-0.011396135,-0.001429593,0,-0.005215136,-0.004175371,0,0
3/9/2023,-0.002522069,0,-0.008462674,-0.002853069,0.003189795,-0.001299545,-0.00415801,0,0
3/7/2023,-0.002515725,-0.001759015,0.011299555,-0.001423488,0,-0.003888534,0.00415801,0,0
3/6/2023,-0.002509412,0,-0.011299555,-0.002840911,0,0,-0.00415801,0,0
3/3/2023,0,0,-0.011173301,0.001419447,0,0,0,0,0
3/2/2023,-0.00250313,0,-0.002773927,0,-0.006369448,0.009096879,0,0,0
3/1/2023,0.00250313,0,-0.008275909,-0.001419447,0.003179653,-0.01168086,-0.004140793,0,0
2/28/2023,0.005025136,0,-0.013642776,0.001419447,0,-0.001289491,-0.004123717,0,0
2/27/2023,0.005050516,0.001759015,0,0.002844952,0.003189795,0.001289491,0,0,0
2/24/2023,0,0.005295688,0.002713706,0,-0.003189795,0,0,0,0
2/23/2023,-0.002528446,0,0.008185585,-0.004264399,0,0.002583981,0,0,0
2/22/2023,-0.007547206,-0.015803665,-0.005464494,0.004264399,0,-0.001292825,0.004123717,0,0
2/21/2023,-0.00500001,0.030064156,-0.00272109,-0.002844952,-0.003179653,0.001292825,-0.004123717,0,0
2/20/2023,-0.004975135,0.007207238,-0.002713706,0,-0.003169575,0.018277271,0,0,0
2/17/2023,0.004975135,0.00725956,-0.002706362,0.004270469,-0.00315956,0.005284028,0.004123717,0,0
2/16/2023,0.010025147,0.007312647,-0.008075414,0,0.006329135,0.003981425,-0.004123717,0,0
2/15/2023,0.002522069,0,0.002684565,0.002857145,-0.003169575,0.009352106,0.004123717,0,0
2/14/2023,-0.005037794,0,0.002691792,-0.002857145,0,0,0,0,0
2/13/2023,0.002515725,0,0,0,0,0,-0.004123717,0,0
2/10/2023,0,0.001836548,0.002699057,0.001427552,0,-0.006688988,0,0,0
2/9/2023,0.002522069,0,0,0,0,-0.009290047,0,0,0
2/8/2023,0.002528446,0,0.010869672,0,-0.00315956,0.029492754,0,0,0
2/7/2023,0.005076153,0,-0.010869672,-0.002853069,0,-0.010825546,0.00826451,0,0
2/6/2023,-0.002541297,0,-0.002699057,0,0.00315956,-0.00536914,-0.00826451,0,0
2/3/2023,0,0.001839927,0,0.002853069,0.003169575,0.00806456,0.004123717,0,0
2/2/2023,0.00508907,0,0,0,-0.015748357,-0.005383593,0,0,0
2/1/2023,0,0,0,-0.004276557,0.006269613,0,0,0,0
1/31/2023,0,0,0.002699057,0,0,0.001343184,0.004140793,0,0
1/30/2023,0,0,-0.002699057,-0.002840911,-0.00313972,0.005390849,-0.004140793,0,0
1/27/2023,0.005115101,0.001843318,0.005405419,0.004264399,0.009448889,0,0.004140793,0,0
1/26/2023,-0.002560821,0,-0.010781776,-0.001423488,-0.00315956,-0.001350439,-0.00826451,0,0
1/25/2023,0.00770222,0,0.002684565,0.00570615,0,-0.002695419,0.00826451,0,0
1/24/2023,-0.002574004,0,0.005390849,-0.001429593,-0.003149609,0.005398124,-0.004140793,0,0
1/23/2023,-0.002567396,0,0.002706362,0.011494379,-0.006269613,0.019126266,0,0,0
1/20/2023,0.007722046,0,0,0.007251663,0.012578782,0.009702086,0.004140793,0,0
1/19/2023,0.005181359,0,0.002713706,0.001456664,0.003169575,-0.001391789,0.00415801,0,0
1/18/2023,-0.005181359,0,0.00272109,0,0,-0.001389854,-0.00415801,0,0
1/17/2023,-0.005154651,0,-0.00272109,0,0,0.005571045,0.00415801,0,0
1/16/2023,0.002574004,-0.001843318,0.00272109,0.001458789,0.003179653,-0.005571045,0.004175371,0,0
1/13/2023,0.007762005,0,0.002728515,0,0,0,0,0,0
1/12/2023,0.005208345,0.001843318,-0.002728515,-0.00437,0,0,0,0,0
1/11/2023,0,0.001846723,0.002728515,0.00583092,-0.003179653,-0.006920443,0.004192878,0,0
1/10/2023,0,0,-0.002728515,-0.004376375,-0.003169575,0.015288693,-0.00836825,0,0
1/9/2023,-0.002607563,-0.001846723,-0.00272109,0.002915454,0.003169575,0,0.004175371,0,0
1/6/2023,0,0,-0.008119124,0.00438918,0,-0.00139958,-0.008333382,0,0
1/5/2023,0,0,0,0.00440853,0,0,0.008333382,0,0
1/4/2023,0,0,0,0.010362787,0.003179653,0.005610113,0,0,0
1/3/2023,0.005221944,0,-0.002691792,0.005970167,-0.003179653,0.015592095,-0.004175371,0,0
1/2/2023,0.010526413,0.001846723,-0.021277398,0.002998503,0,0,0.004175371,0,0
12/30/2022,0,0.003703708,0.037537919,0.00150263,0.003179653,0.001429593,0.008403411,0,0
12/29/2022,0.005305052,0.003717476,0.016529302,0.004521485,-0.003179653,-0.001429593,0.004228336,0,0
12/28/2022,0.002663117,0.001863933,-0.016529302,-0.004521485,-0.003169575,0,-0.008438869,0,0
12/27/2022,0,0,-0.002728515,0.001504891,-0.009448889,0,0.008438869,0,0
12/26/2022,0.002670229,0.001867414,0,0,0.006289329,0,0,0,0
12/23/2022,0.002677378,0.001870908,0.019257817,0.010598131,-0.003149609,0,-0.004228336,0,0
12/22/2022,-0.002677378,0,-0.00554018,0,0.012658397,0.001429593,0,0,0
12/21/2022,0,0,-0.013717636,0.00152323,0.003189795,0.001431639,0,0,0
12/20/2022,0,0,-0.005434796,0.00458366,0,-0.002861232,0.004228336,0,0
12/19/2022,0,0.001874415,0,0,-0.003189795,0,-0.004228336,0,0
12/16/2022,0,-0.001874415,-0.002706362,0,0,0,0,0,0
12/15/2022,0,-0.001870908,0,0.001532567,0,0.002861232,0,0,0
12/14/2022,0,0.005623258,-0.008075414,-0.001532567,0,-0.001431639,0,0,0
12/13/2022,-0.002670229,0.003766483,-0.018592833,0.003067487,0,-0.001429593,0,0,0
12/12/2022,0.005347606,0.001888575,0.007926065,0.001537279,0,0.004294924,-0.004210533,0,0
12/9/2022,0.005376357,0.001892148,-0.007926065,-0.001537279,0,-0.001433692,0.008438869,0,0
12/8/2022,0.002699057,0.001895735,-0.002628122,0.001537279,0,-0.001431639,0,0,0
12/7/2022,0,0.001899336,0,0.006172859,0,0.002865331,-0.004228336,0,0
12/6/2022,-0.002699057,0,0,-0.006172859,0,0,0.004228336,0,0
12/5/2022,-0.002691792,0,0,0.003081667,0,-0.002865331,0,0,0
12/2/2022,0,0,0,0,0,0,0.00851069,0,0
12/1/2022,0.002691792,0,0,-0.003081667,0,-0.001429593,0.004282662,0,0
11/30/2022,0.002699057,0,0.002628122,-0.009188426,0,0.002861232,0,0,0
11/29/2022,-0.002699057,0.00190295,-0.007863736,0.001525553,0,-0.001431639,-0.004282662,0,0
11/28/2022,0,0,0,-0.001525553,-0.003179653,0,0,0,0
11/25/2022,0.002699057,0.011494379,-0.002607563,-0.004562746,0.003179653,0,0.008583744,0,0
11/24/2022,0.002706362,-0.005763705,0,0.004562746,0.016051709,-0.001429593,-0.008583744,0,0
11/23/2022,-0.002706362,-0.005730675,-0.002600782,0,-0.016051709,0,0.004282662,0,0
11/22/2022,0,-0.005698021,0.002600782,0.001525553,-0.003179653,0,-0.004282662,0,0
11/21/2022,-0.002699057,-0.003780723,0,-0.007604599,0.003179653,0,0,0,0
11/18/2022,0.016304709,0,-0.002600782,0,0,0,0.008583744,0,0
11/17/2022,-0.027028672,0,0,0,0,0.002861232,-0.021322769,0,0
11/16/2022,0.010723963,-0.005644418,0,0.001516301,0.006389798,-0.001431639,-0.008403411,0,0
11/15/2022,-0.002691792,-0.003745323,-0.002594035,0.001518603,-0.003200003,-0.001429593,0.004192878,0,0
11/14/2022,-0.002684565,-0.003731348,0,-0.003034904,0.006410278,0,0.01268516,0,0
11/11/2022,0,0,0.002594035,-0.003025721,-0.006410278,0,-0.004246291,0,0
11/10/2022,0.002684565,0,-0.002594035,0.006060625,-0.003189795,0,0,0,0
11/4/2022,0,0.013121088,0,0.00609758,0.003189795,0,0.004246291,0,0
11/3/2022,0,0.013295542,0.002594035,0.006134989,0.006410278,0,0.008547061,0,0
11/2/2022,0.002691792,0.001913876,0,0.001539646,0.003220615,0,0.004301082,0,0
11/1/2022,0,0,-0.010336009,0.003086422,-0.012820688,0,0,0,0
10/31/2022,0.002699057,0,0,-0.003086422,-0.003179653,0.001429593,0.008658063,0,0
10/28/2022,-0.002699057,0.001917546,-0.007682496,-0.001539646,-0.006329135,-0.001429593,-0.008658063,0,0
10/27/2022,0,0.00192123,0.00255428,0.007722046,0,0,0,0,0
10/26/2022,0,0.007722046,-0.007643349,-0.003095978,-0.003149609,0,-0.004301082,0,0
10/25/2022,-0.002691792,0,0.00508907,0,0,-0.021202208,0.004301082,0,0
10/24/2022,0.002691792,-0.001936109,0.00255428,-0.001544402,-0.00313972,-0.004187026,0,0,0
10/21/2022,0.005405419,0.001936109,0.015464226,0.01242252,0.015798117,0.005586607,0.013015368,0,0
10/20/2022,-0.002706362,0.001939865,0.013072082,0,0,-0.00139958,0,0,0
10/19/2022,-0.002699057,0.003891055,-0.007863736,-0.001561281,0.012820688,0.00139958,0,0,0
10/18/2022,0.019048195,0.00195122,-0.002607563,0.001561281,0,-0.00139958,-0.004357305,0,0
10/17/2022,-0.002743486,0.001955035,0,-0.004676548,-0.022329476,-0.006968669,-0.004338402,0,0
10/14/2022,0,0.001958864,-0.002600782,0,0.009508788,0.006968669,0,0,0
10/13/2022,-0.00273598,0,0,0,0,-0.001397624,0,0,0
10/12/2022,0,-0.001958864,-0.002594035,0,-0.003179653,0.001397624,-0.004319661,0,0
10/11/2022,0,0,0,0,0.016000341,0.00139958,-0.004301082,0,0
10/10/2022,-0.010869672,-0.003906255,-0.00516797,-0.007745972,-0.025479085,0.007027436,0,0,0
10/7/2022,-0.002699057,0,0.002580647,0.01242252,0.003149609,-0.012614043,-0.004282662,0,0
10/6/2022,-0.002691792,0,0.002587324,-0.015504187,-0.003149609,-0.002781643,0.004282662,0,0
10/5/2022,-0.002684565,-0.00194742,-0.002587324,0,-0.00313972,-0.001387925,-0.008547061,0,0
10/4/2022,0.002684565,0,-0.002580647,0,0.00313972,0.001387925,0.004264399,0,0
10/3/2022,0,-0.001943635,0.010362787,0,-0.00313972,0,-0.004264399,0,0
9/30/2022,0,0,-0.020619287,0,0.00313972,0.001389854,0,0,0
9/29/2022,0.005390849,0,-0.002547772,0.003081667,0.003149609,0,0,0,0
9/28/2022,-0.002699057,0,-0.005076153,-0.003081667,-0.006289329,-0.005547864,0.004264399,0,0
9/27/2022,-0.005376357,0,0.002534856,-0.001537279,0,0.001384083,-0.00851069,0,0
9/23/2022,0,0.001943635,0,0.003076926,0,0.001386002,0,0,0
9/22/2022,0.002684565,0.00194742,0.002541297,0.01240326,0.00313972,0.001387925,0.004246291,0,0
9/21/2022,0.00809721,0,0.002547772,0.001561281,0.022258471,0,0,0,0
9/20/2022,-0.010781776,-0.00194742,-0.00508907,-0.030771659,-0.003210276,0,0,0,0
9/19/2022,0,0,-0.002534856,0.003034904,0.009661911,-0.001387925,0,0,0
9/16/2022,0,0,0,-0.001518603,-0.003231021,0.009756175,0,0,0
9/15/2022,0.002684565,0,-0.005050516,-0.004542021,-0.003220615,-0.015288693,0,0,0
9/14/2022,0.002691792,0,0.005050516,0.001511716,-0.003210276,-0.006872879,0,0,0
9/13/2022,-0.002691792,0,-0.005050516,-0.001511716,0,0.006872879,0,0,0
9/12/2022,0,0,-0.002515725,-0.001509434,0.003210276,0,-0.008474627,0,0
9/9/2022,0.002691792,0,0,0.001509434,-0.006410278,-0.006872879,0,0,0
9/8/2022,-0.005376357,0,-0.002509412,0,0.006410278,-0.009543358,-0.004210533,0,0
9/7/2022,0.005376357,-0.001943635,0.007547206,-0.003016594,0,0.004078864,0.01268516,0,0
9/6/2022,-0.005376357,0,-0.007547206,0.009077218,-0.006410278,-0.00272109,-0.004246291,0,0
9/5/2022,0.008075414,0,0,-0.007570059,-0.003189795,0.004084417,-0.004228336,0,0
9/2/2022,-0.005390849,0.003891055,0,0,0,-0.008152219,0,0,0
9/1/2022,0,-0.00194742,0,-0.001507159,0,0.004067802,0.004228336,0,0
8/31/2022,0.002691792,-0.001943635,-0.00250313,0,0.003189795,-0.006770507,-0.012631747,0,0
8/30/2022,0,0,0,0.007558615,0,0,0,0,0
8/29/2022,-0.010723963,-0.007736983,0,0,0,-0.002695419,0,0,0
8/26/2022,0.01342302,0,0.010050336,-0.001516301,-0.006369448,0,0.021142437,0,0
8/25/2022,-0.005390849,0,-0.005037794,-0.004535155,-0.003169575,0,-0.012739026,0,0
8/24/2022,-0.002684565,-0.001924928,-0.005012542,0,0.019169916,0.004045859,0.008474627,0,0
8/23/2022,0.002684565,-0.00192123,0.00250313,-0.00301205,0,0,-0.01268516,0,0
8/22/2022,0,0,-0.00250313,0,-0.022329476,0,-0.004192878,0,0
8/19/2022,0.002691792,0,0,0.006033201,0,0.012236726,0.012631747,0,0
8/18/2022,-0.002691792,0,-0.004987542,-0.00452831,0,-0.012236726,-0.004228336,0,0
8/17/2022,0,0,0.004987542,-0.001504891,-0.003149609,-0.004045859,0,0,0
8/16/2022,0,0.003846159,0,-0.008982096,-0.00313972,-0.002688174,0.004228336,0,0
8/15/2022,0,0,-0.004987542,-0.001489204,0.006289329,0.006734032,-0.004228336,0,0
8/12/2022,0.005390849,0,0,0.001489204,-0.003149609,0,0,0,0
8/11/2022,-0.005390849,0,0,0.001491425,0.009478744,-0.008075414,0,0,0
8/10/2022,0,0,-0.004962789,0,-0.006329135,-0.002677378,0.004228336,0,0
8/9/2022,0.002691792,0.003861009,0,0.001493652,-0.003149609,0.010752792,-0.004228336,0,0
8/8/2022,0,0.003875974,0.004962789,-0.001493652,0.009478744,0.002706362,0.004228336,0,0
8/5/2022,0,0.009756175,0.007490672,-0.001491425,0.003179653,-0.001354096,0.00851069,0,0
8/4/2022,-0.002691792,-0.009756175,-0.012453461,-0.014793169,0.006389798,-0.004051322,-0.00851069,0,0
8/3/2022,0,-0.007736983,0,-0.004395611,-0.003200003,-0.001346802,-0.008438869,0,0
8/2/2022,0.002691792,-0.001924928,-0.004938282,0,-0.015848192,-0.002688174,0.004210533,0,0
8/1/2022,0.002699057,-0.003838776,0.004938282,-0.001460921,-0.00313972,0.008086297,-0.008403411,0,0
7/29/2022,-0.002699057,0,-0.009852296,0,0.012618464,0.004067802,0.008403411,0,0
7/28/2022,-0.002691792,0,0,0,0,0.00135962,-0.008403411,0,0
7/27/2022,0.002691792,-0.001913876,0.009852296,0.001460921,0,0,0.004192878,0,0
7/26/2022,0,0,0,-0.004376375,-0.012618464,0,0.004210533,0,0
7/25/2022,0,0,-0.009852296,-0.004357305,0.00313972,-0.042616302,-0.008403411,0,0
7/22/2022,-0.002691792,0,0.004914015,0.007272759,-0.00313972,0.009168368,0.008403411,0,0
7/21/2022,0,0.001913876,0,-0.002915454,0.018987912,0.013245227,-0.008403411,0,0
7/20/2022,0,0,0.004938282,-0.001454546,-0.003189795,-0.005319161,0.012631747,0,0
7/19/2022,0,0,0.004962789,-0.004350986,0.009600074,-0.001325381,-0.004228336,0,0
7/18/2022,-0.002684565,-0.017094433,-0.009901071,0.001448226,-0.015949301,-0.005284028,-0.008403411,0,0
7/15/2022,-0.002677378,-0.001881468,-0.004914015,0,-0.00315956,0,-0.008333382,0,0
7/14/2022,0,-0.00375235,0,0,-0.003149609,-0.001316656,0.00415801,0,0
7/13/2022,0,0,0,-0.001448226,-0.012500163,0,0,0,0
7/12/2022,-0.002670229,0,0,-0.002890175,-0.00619197,0,-0.00415801,0,0
7/11/2022,0.002670229,-0.007462721,0,0.001444044,0.018692133,0,-0.004140793,0,0
7/8/2022,0.002677378,0,0,0.004344685,0.003149609,0.00395518,0.004140793,0,0
7/7/2022,-0.002677378,0,0,0,-0.012539349,-0.011818916,-0.004140793,0,0
7/6/2022,0,-0.001857011,0.004914015,-0.002898553,0.003120127,0,-0.004123717,0,0
7/5/2022,0,0.003717476,0.004938282,0.001448226,0,0,0.004123717,0,0
7/4/2022,0,-0.011111225,0.004962789,0,0,0.001306336,-0.004123717,0,0
7/1/2022,0,-0.003676475,-0.034233172,0,0,0,-0.004106782,0,0
6/30/2022,0,0.001836548,0.014528101,0,-0.00623055,0.019802627,0.008230499,0,0
6/29/2022,0,0.003683245,0.004889985,0,-0.003100778,-0.037937839,0,0,0
6/28/2022,0.002677378,0,0,0,0.003100778,0,0.004140793,0,0
6/27/2022,-0.002677378,-0.007352974,0,0,0,0,-0.004140793,0,0
6/24/2022,0.002677378,0.003669729,0.004914015,-0.034191365,-0.003100778,0,0.004140793,0,0
6/23/2022,0.002684565,0.007380107,-0.004914015,-0.00139958,0.034649135,-0.007672672,0,0,0
6/22/2022,0.002691792,0.005571045,0.014815086,0,-0.019048195,0,-0.00826451,0,0
6/21/2022,-0.005376357,-0.0147877,-0.009901071,0.00139958,-0.01560094,-0.005082603,-0.004106782,0,0
6/20/2022,-0.005347606,-0.014572207,-0.009804,0,-0.003091193,0.005082603,0,0,0
6/17/2022,0,0.003623192,0.004889985,0.001401542,0.003091193,-0.006349228,0,0,0
6/16/2022,0,-0.007233305,0,-0.008379937,-0.003091193,0.001266625,0,0,0
6/15/2022,0.002670229,-0.00896867,-0.014598799,-0.005547864,-0.006153866,0,0,0,0
6/14/2022,0,-0.008888947,0.004842624,-0.002762433,-0.00306279,-0.001266625,-0.004089985,0,0
6/13/2022,0,-0.003533573,0,0.005532518,0.006134989,0.008900249,0.004089985,0,0
6/10/2022,0,0,-0.004842624,0.001387925,0,0,0,0,0
6/9/2022,0,0.003533573,0.009708814,0.002781643,-0.003072199,0,-0.004089985,0,0
6/8/2022,-0.002670229,0.00177148,0,0,0.003072199,0,0,0,0
6/7/2022,0.002670229,-0.00177148,0,0,0,0,-0.004073325,0,0
6/3/2022,0,0,-0.00486619,-0.001391789,0,0.010269667,0,0,0
6/2/2022,0.002677378,0,0.00486619,0,0,0.006472515,0.004073325,0,0
6/1/2022,-0.008010724,0.00177148,0,0.004181191,0.003081667,0,-0.004073325,0,0
5/31/2022,-0.002656044,-0.005305052,-0.00486619,0.002797205,0.003091193,-0.019293203,0.004073325,0,0
5/30/2022,0.002656044,-0.005277057,-0.004842624,0.001401542,-0.003091193,-0.005082603,-0.008130126,0,0
5/27/2022,-0.036557596,0.001755927,-0.004819286,0,-0.003081667,-0.001266625,0,0,0
5/26/2022,0.002567396,0.001759015,0.014528101,0.00421645,0.006172859,-0.001265022,0,0,0
5/25/2022,0,0.001762115,0.004889985,0.008486614,0.003100778,0.001265022,0,0,0
5/24/2022,0,0,0,0.001421464,0,-0.011328,0,0,0
5/23/2022,-0.002567396,0,-0.004889985,-0.002840911,-0.009273637,0,0,0,0
5/20/2022,0,0.003533573,0,0.007117468,0.003081667,0,0.008130126,0,0
5/18/2022,0,0.007104826,0,0,0.003091193,0,-0.004073325,0,0
5/17/2022,0,-0.005333346,0,0.001429593,-0.003091193,0,-0.004056801,0,0
5/16/2022,0.007722046,-0.00177148,0,0.001431639,0.009302393,0.007537724,-0.00404041,0,0
5/13/2022,0.010389704,0.003546103,0,0,-0.003110422,0,0,0,0
5/12/2022,0.002614381,0.003558723,-0.009708814,-0.002861232,0,0,0.00404041,0,0
5/11/2022,-0.005221944,0,0,0.002861232,0.009360443,-0.002518893,0,0,0
5/10/2022,0,-0.010638398,-0.004819286,0,0.00313972,-0.005018831,-0.00404041,0,0
5/9/2022,0,-0.008779688,0,0.004307257,0.003149609,0.02022825,0,0,0
5/6/2022,0.002607563,0.01408474,0.004819286,0.001439885,0,0.003838776,0.012170536,0,0
5/5/2022,-0.005208345,-0.058536502,0.004842624,0,0,0.0051414,0,0,0
5/4/2022,0,0,-0.014458083,0,-0.006289329,0,-0.004073325,0,0
5/3/2022,0,-0.011637704,0,0,0.009448889,0,-0.00809721,0,0
5/2/2022,0.007822726,-0.008230499,0,0.001441961,0,0.001289491,0,0,0
4/29/2022,0.002621233,0,0,-0.002881846,-0.00315956,0.001291156,0,0,0
4/28/2022,0,0,-0.004773279,0,0,0,0,0,0
4/27/2022,-0.002621233,-0.003273325,0,-0.004307257,-0.003149609,0,0,0,0
4/26/2022,0,-0.009756175,0,-0.002861232,0,-0.001291156,-0.008032172,0,0
4/25/2022,0,0.001619434,-0.009478744,0.008608375,0.003149609,0,0,0,0
4/22/2022,0.002621233,0.008136741,0.009478744,0,0,0.001291156,0.008032172,0,0
4/21/2022,0.002628122,0.004914015,-0.004750603,0,0,0.010389704,-0.00402415,0,0
4/20/2022,0,-0.016287005,0.004750603,0.001441961,0,-0.002607563,-0.004008021,0,0
4/19/2022,0,-0.006441246,-0.004750603,-0.008620743,0,-0.009073296,0,0,0
4/18/2022,-0.005249356,-0.00160385,0.004750603,-0.001429593,0.009508788,-0.002577321,0.008032172,0,0
4/13/2022,0,0.00643089,-0.004750603,0,-0.012658397,0.002577321,0,0,0
4/12/2022,0,-0.016000341,0,0,0.003149609,0.001291156,0,0,0
4/11/2022,0.002621233,0.057158414,0,0.002861232,-0.003149609,0,0,0,0
4/8/2022,0.018543578,0.041172196,0,-0.001431639,0.009478744,0.002587324,0.02449102,0,0
4/7/2022,0.016172859,-0.024222638,0.028848154,0.010064787,-0.003169575,0.015666117,0.033616611,0,0
4/6/2022,-0.018843088,-0.105360516,-0.042966036,-0.010064787,-0.00315956,-0.019544596,-0.025317808,0,0
4/5/2022,-0.018494583,-0.012232568,0,-0.008547061,-0.009419222,-0.001289491,-0.016529302,0,0
4/4/2022,-0.005221944,-0.001518603,0,0.007117468,0,-0.0051414,0,0,0
4/1/2022,0.002607563,0.001518603,0.004683849,-0.011363759,-0.009331327,0,0,0,0
3/31/2022,-0.005208345,-0.004548909,-0.009345862,0,-0.003091193,0.01811175,0,0,0
3/30/2022,-0.010336009,-0.010534334,0.009345862,-0.002820876,0.009302393,-0.01811175,-0.004089985,0,0
3/29/2022,-0.007682496,-0.005970167,-0.018605188,0,-0.012384059,-0.007662873,-0.004073325,0,0
3/28/2022,-0.002547772,-0.011834458,0.004618946,0,-0.006134989,-0.002541297,0,0,0
3/25/2022,0,0,0,-0.007017573,0,0.012771566,0.008163311,0,0
3/24/2022,0.002547772,0.001471671,0,0.012667305,0,0.010336009,0.004106782,0,0
3/23/2022,0.00255428,0.00147384,-0.004618946,0.001417435,-0.003053437,0,-0.012270093,0,0
3/22/2022,0.002560821,0,0,0.007117468,-0.003044142,0,0.004073325,0,0
3/21/2022,0.0051414,-0.004415018,0.004618946,0.002861232,0.009160369,0.009132484,0.016461277,0,0
3/18/2022,0.015584731,0.008849615,0,-0.001431639,0,0.007894778,0,0,0
3/17/2022,-0.013004084,0.00445435,-0.004618946,0,0,-0.007894778,0.00415801,0,0
3/16/2022,-0.002580647,-0.019160498,0.004618946,0,-0.00306279,-0.001309758,-0.008298803,0,0
3/15/2022,-0.0051414,-0.007272759,0,0.001431639,0.021639175,0.003934431,-0.004123717,0,0
3/14/2022,0.025975486,-0.001448226,-0.004618946,0,0,-0.001313198,0.004123717,0,0
3/11/2022,-0.002628122,0,0.004618946,0,0,-0.001311476,0,0,0
3/10/2022,0.010554188,0.001448226,0,-0.001431639,-0.003120127,0.009216655,-0.008230499,0,0
3/9/2022,0,-0.001448226,0.00464038,0,0.003120127,0,0.008230499,0,0
3/7/2022,0.002656044,0,0.004662013,0,0.003129893,0.006635724,0.025105921,0,0
3/4/2022,0.005333346,0.002898553,0.004683849,0.002865331,0.006289329,0.002666668,0.00851069,0,0
3/3/2022,0.010752792,0.001452433,0.004705891,0.007199455,-0.003149609,0,0,0,0
3/2/2022,0,0.010226532,-0.00938974,0.005797118,-0.00313972,0.005354765,0,0,0
3/1/2022,0,-0.020349539,0.004683849,0.001454546,0,-0.001341382,0.004282662,0,0
2/28/2022,0,-0.032557723,0,-0.010137668,0,0,-0.008547061,0,0
2/25/2022,-0.010752792,-0.001391789,0,-0.008608375,0.00313972,-0.005347606,-0.016878038,0,0
2/24/2022,-0.002670229,-0.040877626,-0.045879606,-0.007117468,-0.00313972,-0.013245227,-0.036965194,0,0
2/23/2022,0.021564178,0.039487772,0.018100042,0.015725842,0.012618464,0.011912782,0.058107631,0,0
2/22/2022,0.00820798,0.049832374,0,0.013053122,0.009569451,-0.001330672,0.09402895,0,0
2/21/2022,0.002751033,0.013225762,0.004576667,0.005856532,0.012903405,0.002663117,0.018957914,0,0
2/18/2022,0,0.007423939,0.009216655,0.00736923,0,0.002670229,0,0,0
2/17/2022,0.005524876,0.005979091,-0.013793322,0.001480385,-0.003241494,0,0,0,0
2/16/2022,0.002773927,0.021212917,-0.009090972,0.002967361,0.003241494,0.006706933,0.004796172,0,0
2/15/2022,0.002781643,0.012326812,0.032186686,0.004467617,0,-0.002688174,0.004819286,0,0
2/14/2022,0.011204599,0.004662013,0.004683849,-0.005952399,0,-0.001341382,0.009708814,0,0
2/11/2022,0,0.012539349,0,0.00297177,0,0,-0.019324273,0,0
2/10/2022,0,-0.047738086,0,-0.00445435,0.003252035,-0.002677378,-0.009523882,0,0
2/9/2022,0,0.094558583,0.004705891,0.007434978,0.006535971,0.005361943,0.009523882,0,0
2/8/2022,0.002820876,0.09531018,0.014252023,0.008995563,0,-0.001343184,0.024214258,0,0
2/7/2022,0.002828856,0.065751378,-0.004773279,-0.003007521,0.003284075,-0.005354765,-0.019418086,0,0
2/4/2022,0,0,0,0,0,0.004013383,-0.009569451,0,0
2/3/2022,-0.005649733,0,0,0,-0.003284075,-0.002677378,0,0,0
2/2/2022,0,0,0,-0.001500375,0,0.00401876,0,0,0
2/1/2022,0.005649733,-0.001939865,0,0.003003005,0,-0.001341382,-0.004750603,0,0
1/31/2022,-0.002828856,0,-0.009478744,0.001504891,-0.003273325,-0.002677378,0.014320054,0,0
1/28/2022,0,0,0.009478744,0,0.003273325,-0.001336006,0,0,0
1/27/2022,-0.008438869,0,-0.004750603,-0.001504891,-0.003273325,0.010738358,-0.009569451,0,0
1/26/2022,-0.002797205,0.001939865,0.004750603,-0.00150263,0.003273325,-0.006724975,0.009569451,0,0
1/25/2022,0.008415197,-0.003875974,0,-0.001500375,-0.006535971,0,-0.004796172,0,0
1/24/2022,-0.011204599,-0.005785937,-0.009478744,0.004507896,0.003262646,0,0.004796172,0,0
1/21/2022,0.011204599,0,-0.004705891,-0.001504891,-0.003262646,-0.002677378,-0.004796172,0,0
1/20/2022,0,-0.00192123,0,-0.003003005,-0.006493529,0.005361943,0,0,0
1/19/2022,0,0,0,0.004507896,-0.003231021,0.005390849,0.004796172,0,0
1/18/2022,0,0.007707167,0.004705891,-0.001504891,0,0.008141158,0.004819286,0,0
1/17/2022,-0.008415197,0,-0.004705891,-0.00150263,0,-0.01487519,0.009708814,0,0
1/14/2022,0.005602256,0.001936109,0.004705891,0.00150263,0,0.005383593,-0.009708814,0,0
1/13/2022,-0.002805051,0.001939865,-0.004705891,-0.00150263,0,-0.005383593,0.004842624,0,0
1/12/2022,0,0,0,0,0,0.004034975,-0.004842624,0,0
1/11/2022,0.005617992,-0.001939865,0.004705891,0,-0.00643089,0,-0.004819286,0,0
1/10/2022,-0.005617992,0,0,-0.002998503,0.009661911,0.004051322,0.004819286,0,0
1/6/2022,0,0.001939865,0.009478744,0,0,0.014996873,0,0,0
1/5/2022,0.019802627,0,0,0,-0.003231021,-0.021739987,0,0,0
1/4/2022,-0.019802627,0.001943635,0,0,-0.012820688,-0.001343184,0,0,0
1/3/2022,-0.002797205,-0.023077947,-0.004750603,0.002998503,-0.003179653,0.013513719,0,0,0
12/31/2021,-0.005571045,-0.018832948,0,0.00150263,0,-0.013513719,-0.004819286,0,0
12/30/2021,0.019635975,0.036091287,0.004750603,0.001504891,0.003179653,0,0.009661911,0,0
12/29/2021,0.002836881,0.011673284,0,-0.001504891,0.012820688,0.002688174,0.00486619,0,0
12/28/2021,0.005698021,0.003921574,0.009569451,0,0,0,0,0,0
12/27/2021,-0.002853069,-0.001962709,-0.004796172,0.001504891,-0.003220615,0.00675222,0,0,0
12/24/2021,0.005714301,0,0,0.00452831,0.003220615,-0.002706362,-0.00486619,0,0
12/23/2021,0.011527505,0.001962709,0.004796172,0.001514005,0.016260521,0.008141158,-0.019231362,0,0
12/22/2021,0,0,0,-0.001514005,-0.003273325,0.001363327,0.004773279,0,0
12/21/2021,0,-0.001962709,0,0,-0.012987196,-0.001363327,0.044016885,0,0
12/20/2021,0,-0.001958864,-0.009569451,0,-0.00643089,-0.01487519,0,0,0
12/17/2021,0.01754431,-0.003906255,0,0.006069821,0,0,0.005012542,0,0
12/16/2021,0.002954212,0.007827829,0,0.010711656,-0.003200003,0.020339684,0,0,0
12/15/2021,-0.002954212,0,0,-0.015267472,0.009630893,0.008253142,-0.005012542,0,0
12/14/2021,0,-0.001962709,0,0.001516301,0.006472515,0.002766253,-0.004987542,0,0
12/13/2021,0,-0.019418086,0,-0.016554178,-0.003241494,-0.002766253,0.004987542,0,0
12/10/2021,0.005917177,0.003853569,0,0.008995563,0.006493529,0.01250885,0,0,0
12/9/2021,-0.005917177,0.015564517,0,-0.008995563,0,-0.006968669,0.005012542,0,0
12/8/2021,0,-0.009756175,0.024097552,0.007490672,-0.003252035,-0.009675266,0,0,0
12/7/2021,-0.00881063,-0.030595121,-0.038282187,0,-0.016103408,-0.001374571,-0.014962873,0,0
12/6/2021,0.00292826,-0.016807118,-0.009345862,-0.01492565,0,-0.001372684,0.004962789,0,0
12/3/2021,0,0,0,0.011922645,0.003200003,0.001372684,0,0,0
12/2/2021,0,-0.001850139,0.018779895,-0.004487666,-0.003200003,-0.002743486,-0.004962789,0,0
12/1/2021,-0.00875918,-0.001846723,0,0,0,-0.001368926,0.004962789,0,0
11/30/2021,-0.00290276,-0.005519793,0,-0.007434978,-0.006369448,0,0,0,0
11/29/2021,0,-0.001833181,0.004750603,-0.007380107,0.006369448,-0.001367054,0,0,0
11/26/2021,0,-0.001829827,0,0.008862687,0.009630893,0.00273598,0,0,0
11/25/2021,0,-0.003649639,0,0,0,-0.00273598,0,0,0
11/24/2021,0,0.003649639,-0.014184635,0,-0.016000341,-0.001365188,0,0,0
11/23/2021,0,0.001829827,-0.004683849,-0.008862687,-0.003169575,0,0,0,0
11/22/2021,0,-0.001829827,-0.004662013,-0.001469508,0.006349228,-0.009504484,0,0,0
11/17/2021,0.00290276,0,0,0.005891033,-0.003179653,0,0,0,0
11/16/2021,0,0.001829827,0,-0.002949855,0.012779727,0,0,0,0
11/15/2021,0,-0.001829827,0.009345862,0,-0.003210276,0,0.004987542,0,0
11/12/2021,0,0.001829827,-0.013986242,0,0,0,0,0,0
11/11/2021,0.00291121,-0.001829827,-0.004618946,0.005908437,0.003210276,0,0,0,0
11/10/2021,0,-0.005469476,-0.009174376,-0.007380107,0,0,-0.004987542,0,0
11/8/2021,-0.00291121,-0.007246409,0.018433702,0,-0.009600074,-0.012088797,0,0,0
11/5/2021,0,0,-0.009259325,0.010347469,0.003189795,0.006697949,-0.009901071,0,0
11/4/2021,0,0,-0.013730193,0,-0.003189795,0.006743114,0.004938282,0,0
11/3/2021,0,0.001806685,0.004555817,0.008955284,-0.003179653,0,-0.009852296,0,0
11/2/2021,0,-0.001806685,0.018433702,0,-0.003169575,-0.001352265,0,0,0
11/1/2021,-0.00290276,-0.008984786,0.004662013,-0.011922645,-0.00315956,-0.012088797,0,0,0
10/28/2021,0.00290276,0.001790511,0,0.002967361,-0.003149609,0.012088797,0.004914015,0,0
10/27/2021,-0.00290276,-0.001790511,0.00938974,0,0.009478744,-0.005390849,0,0,0
10/26/2021,0.00290276,-0.003571432,-0.00938974,0.007457156,0.003179653,0,0,0,0
10/25/2021,-0.00290276,-0.001780944,-0.013921339,-0.001495887,-0.003179653,0,-0.004914015,0,0
10/22/2021,0,0.001780944,0.009259325,0.01203022,-0.006329135,0.00404041,0.004914015,0,0
10/21/2021,0,0,-0.009259325,0.001514005,0.006329135,0.009491597,0,0,0
10/20/2021,0.00581397,0.001784122,-0.004597709,-0.007547206,0.006369448,0.005464494,0,0,0
10/19/2021,-0.00581397,-0.007117468,0.027908788,-0.00150263,-0.003189795,-0.012253387,-0.004914015,0,0
10/18/2021,0,-0.005305052,-0.037041272,-0.001500375,0.003189795,0,0,0,0
10/14/2021,0,0,0,-0.001498128,-0.003189795,0,0.004914015,0,0
10/13/2021,-0.014388737,0.014209831,0.009132484,-0.007457156,0.003189795,-0.012105057,0,0,0
10/12/2021,0,-0.012444605,0,-0.001484781,0,0,-0.004914015,0,0
10/11/2021,0,-0.015775963,-0.013667639,-0.007391017,-0.006369448,-0.001336006,-0.004889985,0,0
10/8/2021,0,-0.005203828,0.004535155,0,-0.003169575,0,0,0,0
10/4/2021,-0.002853069,0.022748138,-0.013544225,0,0,0.005354765,0,0,0
10/1/2021,0,0.023277685,0,-0.001471671,-0.00315956,-0.006688988,-0.00486619,0,0
9/30/2021,0.002853069,0.009099244,0,0.008862687,0.00315956,0.006688988,0.00486619,0,0
9/29/2021,-0.002853069,0,0.013544225,-0.008862687,0.009539023,-0.00401876,0,0,0
9/28/2021,-0.002844952,-0.010909199,-0.022472856,-0.004402061,-0.006369448,-0.001336006,0,0,0
9/27/2021,0,-0.016143848,0,0.004402061,-0.009478744,0,-0.00486619,0,0
9/23/2021,0.005698021,-0.003552402,0.01342302,0,0,0.002673798,-0.004842624,0,0
9/22/2021,0,-0.003539827,0,-0.00293686,0,0,0,0,0
9/21/2021,0,-0.001765226,-0.022272636,0.00440853,0,0.009414999,0.004842624,0,0
9/20/2021,-0.005698021,-0.001762115,0,-0.002941179,0,-0.010752792,0.00486619,0,0
9/17/2021,0.002844952,0.003527341,0.013303966,0.001469508,0,-0.001336006,-0.00486619,0,0
9/16/2021,-0.002844952,-0.003527341,-0.00445435,-0.00293686,0.003149609,0,0,0,0
9/15/2021,0.002844952,-0.010507978,0,-0.001465202,-0.003149609,-0.001334223,0.00486619,0,0
9/14/2021,0,-0.00521287,0.017937701,0,-0.00313972,0,-0.00486619,0,0
9/13/2021,-0.005681833,-0.00690849,-0.017937701,0,0,0,0,0,0
9/10/2021,-0.002828856,0,-0.004434597,0,-0.003129893,0,0,0,0
9/9/2021,0,0,0.022372298,-0.001463058,0,0,-0.014458083,0,0
9/8/2021,0.002828856,-0.003436429,-0.01348335,0,0.012578782,0,0.004796172,0,0
9/7/2021,-0.002828856,0.001716739,0.018018506,0,-0.006309169,0.012072581,0.009661911,0,0
9/6/2021,0.00851069,-0.013652089,0,0,-0.00313972,-0.012072581,-0.014458083,0,0
9/3/2021,0.002853069,0.017094433,-0.018018506,0.005865119,0,0.001334223,0,0,0
9/2/2021,-0.002853069,0.010398707,0,0,-0.003129893,0,0.009615459,0,0
9/1/2021,-0.005681833,-0.01555779,0,-0.00293686,0.003129893,0.001336006,-0.004819286,0,0
8/31/2021,-0.002828856,-0.010238997,0.01348335,-0.00584797,0,-0.001336006,0.004819286,0,0
8/30/2021,0,-0.016835414,0,0.001458789,-0.009360443,0.001336006,-0.009615459,0,0
8/27/2021,0,-0.004995847,0.004535155,0.002923979,0,0,0,0,0
8/26/2021,0,-0.004971013,-0.004535155,0,-0.009273637,0,-0.004773279,0,0
8/25/2021,0.005665738,0,0.004535155,0,0,-0.001336006,0.004773279,0,0
8/24/2021,0,-0.008230499,-0.004535155,-0.001463058,0,0,-0.009523882,0,0
8/23/2021,-0.008486614,-0.003273325,0.018265348,0,0.015504187,0.001336006,-0.004728141,0,0
8/20/2021,0,0.001635323,-0.027274418,0,-0.009331327,0.001337793,0.014252023,0,0
8/19/2021,0.008486614,0.003278691,-0.008928631,0.001463058,0,0,0.004796172,0,0
8/18/2021,-0.008486614,-0.003278691,0,0.001465202,-0.003091193,0,0.009661911,0,0
8/17/2021,-0.002812941,-0.006525309,0.00445435,-0.00584797,-0.015314235,-0.002673798,-0.014458083,0,0
8/16/2021,-0.002805051,-0.006483005,-0.026433257,0,0,0.001336006,-0.009523882,0,0
8/13/2021,-0.002797205,0,-0.079373588,0,-0.026988145,-0.001336006,-0.009434032,0,0
8/12/2021,0.016901811,-0.003225809,0.032655963,0.00878483,0.060994513,0.001336006,0.033415997,0,0
8/11/2021,0.002844952,-0.003215437,0.038059562,0,0.012658397,0.006706933,-0.004842624,0,0
8/10/2021,-0.002844952,-0.00160385,0.030636969,-0.001469508,0,0.012187016,0,0,0
8/9/2021,-0.002836881,-0.001601281,0.031605339,-0.004395611,0,0.002728515,0,0,0
8/6/2021,0,0.003205131,0.009216655,0,0.003189795,-0.004089985,0.014598799,0,0
8/5/2021,0,-0.007993648,0.028170877,-0.001460921,0.006410278,-0.013513719,-0.014598799,0,0
8/4/2021,-0.002828856,-0.006349228,-0.004750603,-0.002915454,-0.009600074,-0.006688988,-0.004819286,0,0
8/3/2021,0.002828856,-0.007880261,0.03373814,0.010241494,0.003189795,0,-0.004796172,0,0
8/2/2021,0,-0.004698521,-0.047856021,0,-0.006369448,-0.019802627,-0.014252023,0,0
7/30/2021,-0.005649733,0,0.023641763,-0.00878483,-0.003169575,-0.005215136,0,0,0
7/29/2021,0.002820876,0.001563722,-0.037563102,0,0.003169575,0.010457612,0.004728141,0,0
7/28/2021,0,-0.003125003,0.032789823,-0.001456664,0,-0.005242476,-0.004728141,0,0
7/27/2021,0,-0.00622086,-0.037387532,0,0.006369448,0.005242476,-0.004705891,0,0
7/26/2021,0,-0.001549187,0,0,-0.006369448,0,0,0,0
7/23/2021,-0.027856955,0.003100778,0.013857035,-0.002906979,0.003179653,0,0.009434032,0,0
7/22/2021,0.027856955,0.003110422,0.023530497,0.005822433,0,0,0.009523882,0,0
7/21/2021,0,0.001558847,0.004773279,0.001460921,0.009600074,0,0.009615459,0,0
7/20/2021,-0.002820876,-0.00622086,0.004796172,0.005865119,-0.012779727,0,0,0,0
7/19/2021,0,-0.001549187,-0.004796172,-0.00732604,0,0.001314925,-0.014388737,0,0
7/16/2021,-0.002812941,0.001549187,0.009615459,-0.011611161,-0.006329135,-0.005249356,-0.023530497,0,0
7/15/2021,0.002812941,-0.0061824,-0.014388737,0,0,0.005249356,0,0,0
7/14/2021,0,-0.009202519,0,0.005788728,0,-0.006557401,0,0,0
7/13/2021,0.01991531,0.004590674,0.028987537,0.001452433,0,0.013158085,0.004662013,0,0
7/12/2021,0.0028777,0.026419563,0.014815086,-0.010123008,-0.003149609,0,-0.013921339,0,0
7/9/2021,-0.0028777,0.014274628,0.004987542,-0.007168489,0,0.005312097,0.004618946,0,0
7/8/2021,-0.01991531,0.003200003,0,-0.001427552,0.003149609,-0.010596126,0,0,0
7/7/2021,0.005649733,0.017785432,0.012578782,0.001427552,-0.003149609,0,0.009302393,0,0
7/6/2021,-0.008462674,-0.014575157,0,-0.001427552,0,0,-0.009302393,0,0
7/5/2021,0,-0.036310224,-0.03238141,-0.009936207,0,-0.007874056,-0.013793322,0,0
7/2/2021,0.002812941,-0.0061824,-0.004889985,-0.042853827,0.012658397,0.009192448,0.004576667,0,0
7/1/2021,-0.008415197,-0.001539646,0,-0.010767264,0.003189795,0,-0.009132484,0,0
6/30/2021,0,-0.007662873,0,-0.004008021,0.003200003,0,0.009132484,0,0
6/29/2021,0,-0.003048783,0,-0.010610179,0,-0.001318392,-0.009132484,0,0
6/28/2021,0,-0.006069821,-0.009708814,0.005291018,-0.015898586,0.006609409,-0.009049836,0,0
6/25/2021,0.011236073,0.001514005,-0.009615459,0.044753231,-0.006289329,-0.001325381,0.009049836,0,0
6/24/2021,0,-0.010550211,0,-0.004152255,0,-0.005284028,-0.013544225,0,0
6/23/2021,-0.002820876,-0.007468295,0.009615459,0.009715552,0.00313972,-0.001316656,0,0,0
6/22/2021,0,-0.007412932,0.009708814,0.002793298,0.003149609,0.006600684,0.060064241,0,0
6/21/2021,0.060976796,0.029987254,0.027195743,0.042863704,0.055119299,0.006644543,0.074107972,0,0
6/17/2021,-0.043930929,-0.105360516,-0.065477929,-0.055372554,-0.086177696,-0.014560151,-0.102278849,0,0
6/16/2021,-0.031032109,-0.10522352,0,-0.019152432,-0.00609758,0.013227706,-0.036367644,0,0
6/15/2021,-0.008298803,-0.001232286,-0.004683849,0.008163311,-0.009077218,0.001332445,-0.008888947,0,0
6/14/2021,-0.005494519,-0.003687773,-0.004662013,0.009608859,0.006042314,0,-0.00881063,0,0
6/11/2021,0.005494519,0,0,0.005532518,-0.003025721,0,0.004395611,0,0
6/10/2021,-0.005494519,-0.006116227,0.009345862,-0.001386002,0.003025721,0.002670229,-0.004395611,0,0
6/9/2021,-0.027028672,-0.006079046,-0.009345862,0.001386002,-0.009049836,0,0,0,0
6/8/2021,0,0,0.004662013,0.00277778,0,0.012105057,0,0,0
6/7/2021,-0.002663117,0,-0.004662013,-0.00277778,-0.005988042,0.006788892,0,0,0
6/4/2021,0.002663117,0.001212856,-0.00464038,0.001387925,0.005988042,0.006835297,0.004395611,0,0
6/3/2021,0,-0.002424244,0,0,-0.005988042,0.005502077,0,0,0
6/2/2021,-0.023716527,-0.001209922,-0.004618946,-0.006920443,0,0,0.008849615,0,0
6/1/2021,0.0104713,0.002421309,0.004618946,-0.00137836,-0.005952399,0,-0.013245227,0,0
5/31/2021,0.054067221,0.003642991,-0.004618946,0.004140793,0,-0.005502077,-0.00873368,0,0
5/28/2021,0.005571045,0.002436055,0.004618946,0,-0.002962965,0,-0.008658063,0,0
5/27/2021,0.016901811,0,0,-0.00138217,0,0.01242252,-0.017094433,0,0
5/26/2021,0,-0.00365186,-0.004618946,0.008321823,0,0.012578782,0.012793351,0,0
5/25/2021,-0.022472856,0.004872117,-0.004597709,-0.004169568,0.005934736,-0.026372104,-0.037899273,0,0
5/24/2021,-0.102857385,0.001221747,0,-0.005532518,0.00896867,-0.040273899,0.012474174,0,0
5/21/2021,-0.00250313,0.001223242,0,-0.006872879,0.009049836,-0.006557401,0.042741548,0,0
5/20/2021,0.007528266,0.002450982,0,0.005494519,-0.006042314,-0.01169604,0.022075952,0,0
5/19/2021,-0.005025136,0.001227747,0.009216655,-0.001376463,0.003016594,-0.015384919,0.00447428,0,0
5/18/2021,-0.00500001,-0.004901971,-0.036367644,-0.004118057,0.009104767,0.002547772,0,0,0
5/17/2021,0.00500001,-0.001221747,-0.013303966,0.001370802,-0.018127385,0,0.022676709,0,0
5/13/2021,-0.012453461,0,-0.013129291,-0.008196767,-0.008941937,-0.002547772,0.009216655,0,0
5/12/2021,0.012453461,0.004895971,0.013129291,0.001361471,-0.002962965,0.003824096,-0.009216655,0,0
5/11/2021,-0.022305758,-0.010982417,0.017778246,0.020647671,0.023953241,0.018041726,0.056618894,0,0
5/10/2021,-0.009756175,-0.007255171,0.00900907,0.035389397,0.030771659,0.007832938,0.04467244,0,0
5/7/2021,0.067780015,0.001205546,0.004535155,0.038183787,0.031748698,0.056618894,0.02051354,0,0
5/6/2021,0.064365376,0.004836769,0,0.025778531,0.012987196,0.05268122,0.005194817,0,0
5/5/2021,0.002773927,0.001212856,-0.013544225,0,-0.003262646,0.001463058,0.005221944,0,0
5/4/2021,0.048373584,-0.001212856,0.018100042,-0.00153492,-0.003252035,0.007347572,0.005249356,0,0
5/3/2021,0.01173034,-0.009650256,-0.004555817,0,0,-0.004415018,0.005277057,0,0
4/29/2021,0.017857617,-0.011933316,0.027651531,0.003072199,0,-0.055688906,0,0,0
4/28/2021,0,0.001186944,-0.004662013,0,0.009788006,0.094615976,0.005305052,0,0
4/27/2021,0.003007521,0.003569308,0.023530497,0,-0.003273325,0.006125593,0,0,0
4/23/2021,0.009077218,0.003582093,0,0,0,0,0.005333346,0,0
4/22/2021,0.003044142,0.002395211,-0.004750603,0,0.003273325,0,0.005361943,0,0
4/21/2021,0.003053437,-0.001198322,0.004750603,0.003081667,0,0,-0.005361943,0,0
4/20/2021,-0.003053437,-0.001196888,-0.009478744,-0.003081667,0.003284075,0.001537279,0.005361943,0,0
4/19/2021,0,0.004796172,0.028710106,-0.001537279,-0.003284075,-0.001537279,-0.021277398,0,0
4/13/2021,0.003053437,0,0.01467019,0,0.003284075,0,0.005277057,0,0
4/12/2021,0.00306279,-0.001201201,0.004938282,0,-0.006557401,-0.003067487,0,0,0
4/9/2021,0.003072199,-0.00119976,-0.004938282,-0.00153492,0.003273325,-0.003058106,0,0,0
4/8/2021,-0.018293193,0,-0.004914015,0.003072199,0.003284075,0.001527884,0.005305052,0,0
4/7/2021,-0.003016594,0,0,0,-0.003284075,0,-0.010582109,0,0
4/6/2021,-0.003007521,-0.001198322,0,-0.001537279,0.003284075,0,-0.005249356,0,0
4/5/2021,0.015128882,-0.002392346,0.009852296,0.001537279,0,0.001530222,-0.005221944,0,0
4/2/2021,0.003053437,0,-0.004938282,-0.001537279,0.003294896,-0.001530222,0,0,0
4/1/2021,0.009216655,0.004790428,0.004938282,-0.00153492,-0.009852296,0.006134989,-0.005194817,0,0
3/31/2021,0.00619197,-0.00119976,-0.004938282,-0.001532567,0,-0.006134989,0.005194817,0,0
3/30/2021,0.009360443,-0.009546612,0,0.004604766,0.003273325,-0.001527884,0.0104713,0,0
3/29/2021,0.006289329,0.002378122,-0.009804,-0.007662873,0.003284075,0,0.021277398,0,0
3/26/2021,0.006329135,0.005970167,0,0,-0.013072082,0,0,0,0
3/25/2021,-0.009478744,0.001198322,0,-0.012139755,-0.022472856,-0.006088299,0.010810916,0,0
3/24/2021,-0.00313972,-0.001198322,0.009804,0,0.016000341,0.01837724,-0.032088315,0,0
3/23/2021,0.006289329,0.001198322,0.004938282,0.012139755,0,0.01244184,-0.025975486,0,0
3/22/2021,-0.006289329,-0.002395211,-0.062370331,0.004590674,0.032789823,0.014184635,0.091216008,0,0
3/19/2021,0.00313972,0.002395211,0.023530497,-0.006116227,0.003338901,0.011173301,0.016997576,0,0
3/18/2021,-0.00313972,0,0.074107972,0.003053437,0.016863806,0,0.017291497,0,0
3/17/2021,0.015798117,-0.001198322,0.039220713,0,0.013698844,-0.011173301,0.041549003,0,0
3/16/2021,-0.006349228,0,0.040821995,-0.001527884,-0.017094433,-0.00790518,0.006079046,0,0
3/15/2021,0.006349228,0.001198322,0.057158414,0.009202519,0,0.015873349,0.018462063,0,0
3/12/2021,0,0,0,0.021807718,-0.016807118,0.008032172,0.012500163,0,0
3/11/2021,0.009600074,-0.004784698,-0.00878483,-0.014073727,0,0.011354542,-0.006269613,0,0
3/10/2021,0,0.003586376,0.00878483,0,0.033901552,0.001632653,-0.00623055,0,0
3/9/2021,0,-0.005970167,0.014815086,0,-0.013698844,0.001635323,0.00623055,0,0
3/5/2021,0,0.002383791,0,-0.003100778,0,-0.006525309,0.006269613,0,0
3/4/2021,0.01620781,0,0,-0.012307848,-0.003395589,-0.001624696,0,0,0
3/3/2021,0.009852296,-0.002383791,0.015037877,-0.001527884,-0.003384098,0.011428696,0,0,0
3/2/2021,0.009950331,-0.001189768,0.006079046,0,0.017036187,-0.048086187,-0.006269613,0,0
3/1/2021,-0.013245227,-0.001188354,0,-0.007604599,0.003442344,-0.086880956,0.006269613,0,0
2/26/2021,0,0,0,-0.012048339,-0.017094433,0.085317234,0,0,0
2/25/2021,0.003294896,-0.003556613,0,0,-0.01011813,-0.030771659,0,0,0
2/24/2021,0.009950331,0,0,-0.001495887,0.041101676,0.09198239,0.025479085,0,0
2/23/2021,-0.009950331,0.001184133,0,-0.002985077,-0.027587957,0.008340332,0,0,0
2/22/2021,0,-0.001184133,-0.006079046,-0.004460974,0,-0.001673641,0.006472515,0,0
2/19/2021,0,0.002369669,0.024541109,0,-0.003395589,-0.001670844,0,0,0
2/18/2021,-0.003294896,-0.002369669,-0.024541109,0,0,0,0,0,0
2/17/2021,0,0.001184133,0,-0.010332195,0.017094433,-0.001668057,0.006514681,0,0
2/16/2021,0.006600684,-0.002366865,-0.029852963,0,-0.027212564,0,0.013158085,0,0
2/15/2021,-0.006600684,-0.00471699,0.020803128,0.004415018,0.016920877,0.00836825,-0.019672766,0,0
2/12/2021,0,-0.001175779,-0.002998503,-0.007347572,#VALUE!,0.025533302,0,0,0
2/11/2021,-0.003284075,0.001175779,0.002998503,0,#VALUE!,-0.008583744,0.013072082,0,0
2/10/2021,-0.0130295,0,-0.020803128,-0.001463058,0.006872879,0,0.006600684,0,0
2/9/2021,0.019608471,0,0.035932009,-0.001460921,-0.017094433,0,0,0,0
2/8/2021,-0.003294896,0,-0.006079046,-0.005822433,-0.016807118,0.001710864,0,0,0
2/5/2021,0,0,0,0,0.01342302,-0.001710864,0,0,0
2/4/2021,0.013245227,0,0,0.004363643,0,0,0.006644543,0,0
2/3/2021,-0.016529302,0.005899722,-0.035718083,-0.020202707,0,-0.003412973,0,0,0
2/2/2021,0,-0.004722559,-0.00873368,0.005730675,0,0,0,0,0
2/1/2021,0.013201512,-0.019825722,0,0,0.006779687,-0.003401364,0,0,0
1/29/2021,-0.013201512,0.028104894,0.072103294,-0.00143575,-0.003395589,0.008525201,-0.013245227,0,0
1/28/2021,0,-0.001186944,-0.086492031,0.002873565,0,0,0.019934215,0,0
1/27/2021,-0.003273325,0.002375298,0,0,0,0,0.020339684,0,0
1/26/2021,0.019802627,-0.004744967,0.028987537,-0.007168489,-0.016807118,0,0.013793322,0,0
1/25/2021,-0.023065273,0,0,-0.002853069,0,0,0.013986242,0,0
1/22/2021,0.023065273,0,0,0.004282662,0,-0.001710864,-0.020906685,0,0
1/21/2021,-0.032789823,0,0,0,0,-0.001707942,-0.006872879,0,0
1/20/2021,-0.012820688,-0.001182732,0,0,0.020202707,-0.003407158,-0.085297581,0,0
1/19/2021,0.016051709,0.011890747,-0.043172172,-0.001429593,0,0.0102565,0.071691928,0,0
1/18/2021,0,-0.004773279,0.043172172,0.014388737,0.013698844,-0.0051414,0.091937495,0,0
1/15/2021,-0.003231021,0.001191185,0,-0.014388737,0.031526254,0.017241806,0.045462374,0,0
1/14/2021,0,0,-0.014598799,0.007168489,0.003565066,-0.008658063,0.080688911,0,0
1/13/2021,0.016260521,0.004778982,-0.042559614,0,0,-0.008583744,0.016949558,0,0
1/12/2021,0.019868203,0,0.090046281,0,0.007168489,-0.006814336,0.008583744,0,0
1/11/2021,-0.019868203,-0.009535233,0,-0.014285957,0.003603608,0,0,0,0
1/8/2021,0.003284075,0.003565066,-0.003034904,0,0.007246409,0.006814336,-0.017094433,0,0
1/6/2021,-0.051293294,-0.003565066,0.030771659,0,-0.053109825,0,-0.008438869,0,0
1/5/2021,0.048009219,-0.001185537,0,0.007117468,0,0,-0.00836825,0,0
1/4/2021,0,0,0,0,0,0,0,0,0
